# Two-column MSD (lag_time, MSD)
# lag_time_ns    MSD
0.0000000000e+00  0.0000000000e+00
1.0000000000e-01  2.2883347319e+00
2.0000000000e-01  2.9763271112e+00
3.0000000000e-01  3.5296245866e+00
4.0000000000e-01  4.0108918169e+00
5.0000000000e-01  4.4497777774e+00
6.0000000000e-01  4.8615821628e+00
7.0000000000e-01  5.2466049934e+00
8.0000000000e-01  5.6167949789e+00
9.0000000000e-01  5.9701728229e+00
1.0000000000e+00  6.3115384518e+00
1.1000000000e+00  6.6426252722e+00
1.2000000000e+00  6.9645489329e+00
1.3000000000e+00  7.2746059562e+00
1.4000000000e+00  7.5824545382e+00
1.5000000000e+00  7.8780495764e+00
1.6000000000e+00  8.1730717380e+00
1.7000000000e+00  8.4575429992e+00
1.8000000000e+00  8.7413745940e+00
1.9000000000e+00  9.0215081659e+00
2.0000000000e+00  9.2932967563e+00
2.1000000000e+00  9.5611289925e+00
2.2000000000e+00  9.8247614493e+00
2.3000000000e+00  1.0088908901e+01
2.4000000000e+00  1.0346686269e+01
2.5000000000e+00  1.0603844721e+01
2.6000000000e+00  1.0857491383e+01
2.7000000000e+00  1.1106246875e+01
2.8000000000e+00  1.1353256530e+01
2.9000000000e+00  1.1597812951e+01
3.0000000000e+00  1.1838932865e+01
3.1000000000e+00  1.2080980424e+01
3.2000000000e+00  1.2315360832e+01
3.3000000000e+00  1.2549096792e+01
3.4000000000e+00  1.2781847936e+01
3.5000000000e+00  1.3017130988e+01
3.6000000000e+00  1.3250424420e+01
3.7000000000e+00  1.3480351387e+01
3.8000000000e+00  1.3708624508e+01
3.9000000000e+00  1.3935504674e+01
4.0000000000e+00  1.4159169273e+01
4.1000000000e+00  1.4381047249e+01
4.2000000000e+00  1.4602344076e+01
4.3000000000e+00  1.4822369206e+01
4.4000000000e+00  1.5043237516e+01
4.5000000000e+00  1.5263462232e+01
4.6000000000e+00  1.5481434005e+01
4.7000000000e+00  1.5697966643e+01
4.8000000000e+00  1.5915905456e+01
4.9000000000e+00  1.6130219285e+01
5.0000000000e+00  1.6343560676e+01
5.1000000000e+00  1.6552479366e+01
5.2000000000e+00  1.6765134786e+01
5.3000000000e+00  1.6974665974e+01
5.4000000000e+00  1.7186839500e+01
5.5000000000e+00  1.7395126006e+01
5.6000000000e+00  1.7598508569e+01
5.7000000000e+00  1.7806622391e+01
5.8000000000e+00  1.8011210556e+01
5.9000000000e+00  1.8215054016e+01
6.0000000000e+00  1.8420277756e+01
6.1000000000e+00  1.8620175212e+01
6.2000000000e+00  1.8822244837e+01
6.3000000000e+00  1.9022750376e+01
6.4000000000e+00  1.9224129874e+01
6.5000000000e+00  1.9423579212e+01
6.6000000000e+00  1.9624692263e+01
6.7000000000e+00  1.9823173390e+01
6.8000000000e+00  2.0019659155e+01
6.9000000000e+00  2.0219770221e+01
7.0000000000e+00  2.0415143081e+01
7.1000000000e+00  2.0610315391e+01
7.2000000000e+00  2.0804274934e+01
7.3000000000e+00  2.0996834703e+01
7.4000000000e+00  2.1192924421e+01
7.5000000000e+00  2.1382695886e+01
7.6000000000e+00  2.1577201454e+01
7.7000000000e+00  2.1766275030e+01
7.8000000000e+00  2.1954788567e+01
7.9000000000e+00  2.2144130221e+01
8.0000000000e+00  2.2332664550e+01
8.1000000000e+00  2.2517702611e+01
8.2000000000e+00  2.2706397999e+01
8.3000000000e+00  2.2892033470e+01
8.4000000000e+00  2.3080118403e+01
8.5000000000e+00  2.3264363401e+01
8.6000000000e+00  2.3449011644e+01
8.7000000000e+00  2.3633695425e+01
8.8000000000e+00  2.3818952610e+01
8.9000000000e+00  2.4004570116e+01
9.0000000000e+00  2.4187604465e+01
9.1000000000e+00  2.4372776505e+01
9.2000000000e+00  2.4555526774e+01
9.3000000000e+00  2.4737061863e+01
9.4000000000e+00  2.4916339851e+01
9.5000000000e+00  2.5092079785e+01
9.6000000000e+00  2.5270720248e+01
9.7000000000e+00  2.5449241801e+01
9.8000000000e+00  2.5630442255e+01
9.9000000000e+00  2.5807764901e+01
1.0000000000e+01  2.5989484206e+01
1.0100000000e+01  2.6172392310e+01
1.0200000000e+01  2.6349701935e+01
1.0300000000e+01  2.6528563569e+01
1.0400000000e+01  2.6705708771e+01
1.0500000000e+01  2.6883960454e+01
1.0600000000e+01  2.7059777848e+01
1.0700000000e+01  2.7240587514e+01
1.0800000000e+01  2.7416319322e+01
1.0900000000e+01  2.7592822151e+01
1.1000000000e+01  2.7771252349e+01
1.1100000000e+01  2.7948826876e+01
1.1200000000e+01  2.8126857342e+01
1.1300000000e+01  2.8302159736e+01
1.1400000000e+01  2.8479617644e+01
1.1500000000e+01  2.8654167602e+01
1.1600000000e+01  2.8834322761e+01
1.1700000000e+01  2.9010065453e+01
1.1800000000e+01  2.9185372641e+01
1.1900000000e+01  2.9361523889e+01
1.2000000000e+01  2.9537309514e+01
1.2100000000e+01  2.9715503227e+01
1.2200000000e+01  2.9889423700e+01
1.2300000000e+01  3.0063845247e+01
1.2400000000e+01  3.0236219256e+01
1.2500000000e+01  3.0410082891e+01
1.2600000000e+01  3.0582582893e+01
1.2700000000e+01  3.0751689735e+01
1.2800000000e+01  3.0923226351e+01
1.2900000000e+01  3.1094150026e+01
1.3000000000e+01  3.1263961049e+01
1.3100000000e+01  3.1436614958e+01
1.3200000000e+01  3.1605999637e+01
1.3300000000e+01  3.1775837927e+01
1.3400000000e+01  3.1945080051e+01
1.3500000000e+01  3.2115633220e+01
1.3600000000e+01  3.2284533372e+01
1.3700000000e+01  3.2452348850e+01
1.3800000000e+01  3.2620915362e+01
1.3900000000e+01  3.2790696331e+01
1.4000000000e+01  3.2958022543e+01
1.4100000000e+01  3.3126700398e+01
1.4200000000e+01  3.3295045187e+01
1.4300000000e+01  3.3457993904e+01
1.4400000000e+01  3.3626171298e+01
1.4500000000e+01  3.3792722284e+01
1.4600000000e+01  3.3957981997e+01
1.4700000000e+01  3.4128559054e+01
1.4800000000e+01  3.4296141193e+01
1.4900000000e+01  3.4465332501e+01
1.5000000000e+01  3.4632938761e+01
1.5100000000e+01  3.4801381383e+01
1.5200000000e+01  3.4970304164e+01
1.5300000000e+01  3.5137474071e+01
1.5400000000e+01  3.5302899060e+01
1.5500000000e+01  3.5469414763e+01
1.5600000000e+01  3.5633456535e+01
1.5700000000e+01  3.5800921945e+01
1.5800000000e+01  3.5965666617e+01
1.5900000000e+01  3.6126955189e+01
1.6000000000e+01  3.6291957811e+01
1.6100000000e+01  3.6459971285e+01
1.6200000000e+01  3.6622513031e+01
1.6300000000e+01  3.6786114014e+01
1.6400000000e+01  3.6948936772e+01
1.6500000000e+01  3.7114354159e+01
1.6600000000e+01  3.7278331666e+01
1.6700000000e+01  3.7442246731e+01
1.6800000000e+01  3.7602207622e+01
1.6900000000e+01  3.7763743126e+01
1.7000000000e+01  3.7930513361e+01
1.7100000000e+01  3.8086594230e+01
1.7200000000e+01  3.8246582431e+01
1.7300000000e+01  3.8407619669e+01
1.7400000000e+01  3.8567621189e+01
1.7500000000e+01  3.8733508345e+01
1.7600000000e+01  3.8894219693e+01
1.7700000000e+01  3.9053465731e+01
1.7800000000e+01  3.9213068573e+01
1.7900000000e+01  3.9371852242e+01
1.8000000000e+01  3.9528838032e+01
1.8100000000e+01  3.9688221467e+01
1.8200000000e+01  3.9845958937e+01
1.8300000000e+01  3.9999588681e+01
1.8400000000e+01  4.0155523029e+01
1.8500000000e+01  4.0310565429e+01
1.8600000000e+01  4.0465267102e+01
1.8700000000e+01  4.0621966215e+01
1.8800000000e+01  4.0777989621e+01
1.8900000000e+01  4.0934726291e+01
1.9000000000e+01  4.1091120408e+01
1.9100000000e+01  4.1247849325e+01
1.9200000000e+01  4.1402744105e+01
1.9300000000e+01  4.1560132240e+01
1.9400000000e+01  4.1717663182e+01
1.9500000000e+01  4.1874696764e+01
1.9600000000e+01  4.2029655188e+01
1.9700000000e+01  4.2183196814e+01
1.9800000000e+01  4.2336992780e+01
1.9900000000e+01  4.2491271744e+01
2.0000000000e+01  4.2646855107e+01
2.0100000000e+01  4.2800447308e+01
2.0200000000e+01  4.2953999269e+01
2.0300000000e+01  4.3107963755e+01
2.0400000000e+01  4.3262533894e+01
2.0500000000e+01  4.3414864789e+01
2.0600000000e+01  4.3566770539e+01
2.0700000000e+01  4.3722745480e+01
2.0800000000e+01  4.3872487228e+01
2.0900000000e+01  4.4027091381e+01
2.1000000000e+01  4.4177502527e+01
2.1100000000e+01  4.4330000262e+01
2.1200000000e+01  4.4483518322e+01
2.1300000000e+01  4.4636343709e+01
2.1400000000e+01  4.4788199813e+01
2.1500000000e+01  4.4941488100e+01
2.1600000000e+01  4.5096256593e+01
2.1700000000e+01  4.5247756760e+01
2.1800000000e+01  4.5401438681e+01
2.1900000000e+01  4.5554184973e+01
2.2000000000e+01  4.5704774558e+01
2.2100000000e+01  4.5855667623e+01
2.2200000000e+01  4.6007101904e+01
2.2300000000e+01  4.6158608281e+01
2.2400000000e+01  4.6307613461e+01
2.2500000000e+01  4.6457717252e+01
2.2600000000e+01  4.6609452628e+01
2.2700000000e+01  4.6760755227e+01
2.2800000000e+01  4.6912951892e+01
2.2900000000e+01  4.7063913892e+01
2.3000000000e+01  4.7218322628e+01
2.3100000000e+01  4.7370323960e+01
2.3200000000e+01  4.7522087251e+01
2.3300000000e+01  4.7673124607e+01
2.3400000000e+01  4.7825126874e+01
2.3500000000e+01  4.7979390842e+01
2.3600000000e+01  4.8130148934e+01
2.3700000000e+01  4.8282725118e+01
2.3800000000e+01  4.8435641379e+01
2.3900000000e+01  4.8587662540e+01
2.4000000000e+01  4.8735880063e+01
2.4100000000e+01  4.8885043451e+01
2.4200000000e+01  4.9037091810e+01
2.4300000000e+01  4.9185050155e+01
2.4400000000e+01  4.9335364024e+01
2.4500000000e+01  4.9486787977e+01
2.4600000000e+01  4.9637103343e+01
2.4700000000e+01  4.9788395627e+01
2.4800000000e+01  4.9937398911e+01
2.4900000000e+01  5.0087164737e+01
2.5000000000e+01  5.0234895657e+01
2.5100000000e+01  5.0389163098e+01
2.5200000000e+01  5.0540027576e+01
2.5300000000e+01  5.0690920399e+01
2.5400000000e+01  5.0844221569e+01
2.5500000000e+01  5.0996330939e+01
2.5600000000e+01  5.1147457954e+01
2.5700000000e+01  5.1299120352e+01
2.5800000000e+01  5.1449951116e+01
2.5900000000e+01  5.1598892574e+01
2.6000000000e+01  5.1750967839e+01
2.6100000000e+01  5.1905028356e+01
2.6200000000e+01  5.2059187599e+01
2.6300000000e+01  5.2211819150e+01
2.6400000000e+01  5.2363000373e+01
2.6500000000e+01  5.2512661178e+01
2.6600000000e+01  5.2661908258e+01
2.6700000000e+01  5.2811853884e+01
2.6800000000e+01  5.2960006040e+01
2.6900000000e+01  5.3109825301e+01
2.7000000000e+01  5.3260334329e+01
2.7100000000e+01  5.3410872732e+01
2.7200000000e+01  5.3561723007e+01
2.7300000000e+01  5.3710306918e+01
2.7400000000e+01  5.3861457258e+01
2.7500000000e+01  5.4009989372e+01
2.7600000000e+01  5.4157906691e+01
2.7700000000e+01  5.4308134922e+01
2.7800000000e+01  5.4455260229e+01
2.7900000000e+01  5.4605512397e+01
2.8000000000e+01  5.4752264252e+01
2.8100000000e+01  5.4901536744e+01
2.8200000000e+01  5.5050747120e+01
2.8300000000e+01  5.5200288752e+01
2.8400000000e+01  5.5350653751e+01
2.8500000000e+01  5.5500248612e+01
2.8600000000e+01  5.5645512515e+01
2.8700000000e+01  5.5793473002e+01
2.8800000000e+01  5.5944056749e+01
2.8900000000e+01  5.6095187392e+01
2.9000000000e+01  5.6242544792e+01
2.9100000000e+01  5.6394962037e+01
2.9200000000e+01  5.6546318734e+01
2.9300000000e+01  5.6693635620e+01
2.9400000000e+01  5.6842301776e+01
2.9500000000e+01  5.6992115877e+01
2.9600000000e+01  5.7141508081e+01
2.9700000000e+01  5.7288671333e+01
2.9800000000e+01  5.7441200607e+01
2.9900000000e+01  5.7590379036e+01
3.0000000000e+01  5.7739336541e+01
3.0100000000e+01  5.7888275646e+01
3.0200000000e+01  5.8038405781e+01
3.0300000000e+01  5.8184721071e+01
3.0400000000e+01  5.8333720580e+01
3.0500000000e+01  5.8483936726e+01
3.0600000000e+01  5.8634873305e+01
3.0700000000e+01  5.8780210189e+01
3.0800000000e+01  5.8928374150e+01
3.0900000000e+01  5.9075409053e+01
3.1000000000e+01  5.9222043075e+01
3.1100000000e+01  5.9365477089e+01
3.1200000000e+01  5.9510713879e+01
3.1300000000e+01  5.9655253976e+01
3.1400000000e+01  5.9801445376e+01
3.1500000000e+01  5.9945587052e+01
3.1600000000e+01  6.0089581822e+01
3.1700000000e+01  6.0234157909e+01
3.1800000000e+01  6.0374214649e+01
3.1900000000e+01  6.0519289505e+01
3.2000000000e+01  6.0661598702e+01
3.2100000000e+01  6.0807410861e+01
3.2200000000e+01  6.0948570964e+01
3.2300000000e+01  6.1090191888e+01
3.2400000000e+01  6.1232039118e+01
3.2500000000e+01  6.1375332794e+01
3.2600000000e+01  6.1520554412e+01
3.2700000000e+01  6.1664593323e+01
3.2800000000e+01  6.1807552718e+01
3.2900000000e+01  6.1952497008e+01
3.3000000000e+01  6.2093712928e+01
3.3100000000e+01  6.2235259848e+01
3.3200000000e+01  6.2378112749e+01
3.3300000000e+01  6.2524488009e+01
3.3400000000e+01  6.2671217881e+01
3.3500000000e+01  6.2813521097e+01
3.3600000000e+01  6.2959292706e+01
3.3700000000e+01  6.3102782365e+01
3.3800000000e+01  6.3246731548e+01
3.3900000000e+01  6.3391781182e+01
3.4000000000e+01  6.3535597960e+01
3.4100000000e+01  6.3677815981e+01
3.4200000000e+01  6.3821624704e+01
3.4300000000e+01  6.3968360315e+01
3.4400000000e+01  6.4112597892e+01
3.4500000000e+01  6.4253987516e+01
3.4600000000e+01  6.4399148571e+01
3.4700000000e+01  6.4544333669e+01
3.4800000000e+01  6.4688933245e+01
3.4900000000e+01  6.4833350043e+01
3.5000000000e+01  6.4975491405e+01
3.5100000000e+01  6.5120260752e+01
3.5200000000e+01  6.5268114130e+01
3.5300000000e+01  6.5409452646e+01
3.5400000000e+01  6.5552853966e+01
3.5500000000e+01  6.5697662876e+01
3.5600000000e+01  6.5841018199e+01
3.5700000000e+01  6.5984851643e+01
3.5800000000e+01  6.6126413515e+01
3.5900000000e+01  6.6270936343e+01
3.6000000000e+01  6.6411109488e+01
3.6100000000e+01  6.6554327102e+01
3.6200000000e+01  6.6698843700e+01
3.6300000000e+01  6.6842949432e+01
3.6400000000e+01  6.6984009018e+01
3.6500000000e+01  6.7130596253e+01
3.6600000000e+01  6.7272858846e+01
3.6700000000e+01  6.7414743495e+01
3.6800000000e+01  6.7556484732e+01
3.6900000000e+01  6.7700327152e+01
3.7000000000e+01  6.7841185187e+01
3.7100000000e+01  6.7982719118e+01
3.7200000000e+01  6.8123281322e+01
3.7300000000e+01  6.8260977498e+01
3.7400000000e+01  6.8399623445e+01
3.7500000000e+01  6.8541345260e+01
3.7600000000e+01  6.8679098515e+01
3.7700000000e+01  6.8822220894e+01
3.7800000000e+01  6.8962738869e+01
3.7900000000e+01  6.9107245930e+01
3.8000000000e+01  6.9248390173e+01
3.8100000000e+01  6.9390494861e+01
3.8200000000e+01  6.9531936910e+01
3.8300000000e+01  6.9670946586e+01
3.8400000000e+01  6.9811443703e+01
3.8500000000e+01  6.9954687056e+01
3.8600000000e+01  7.0096339794e+01
3.8700000000e+01  7.0236284701e+01
3.8800000000e+01  7.0377940586e+01
3.8900000000e+01  7.0516597187e+01
3.9000000000e+01  7.0659164712e+01
3.9100000000e+01  7.0797085660e+01
3.9200000000e+01  7.0936402625e+01
3.9300000000e+01  7.1079205585e+01
3.9400000000e+01  7.1219542814e+01
3.9500000000e+01  7.1358644573e+01
3.9600000000e+01  7.1497500326e+01
3.9700000000e+01  7.1640097454e+01
3.9800000000e+01  7.1778222492e+01
3.9900000000e+01  7.1917616357e+01
4.0000000000e+01  7.2057378192e+01
4.0100000000e+01  7.2198624805e+01
4.0200000000e+01  7.2338070166e+01
4.0300000000e+01  7.2480734774e+01
4.0400000000e+01  7.2622563404e+01
4.0500000000e+01  7.2761918942e+01
4.0600000000e+01  7.2903997685e+01
4.0700000000e+01  7.3046001398e+01
4.0800000000e+01  7.3187320456e+01
4.0900000000e+01  7.3330915399e+01
4.1000000000e+01  7.3469448918e+01
4.1100000000e+01  7.3609708512e+01
4.1200000000e+01  7.3749959274e+01
4.1300000000e+01  7.3890594796e+01
4.1400000000e+01  7.4034696704e+01
4.1500000000e+01  7.4173112193e+01
4.1600000000e+01  7.4312567858e+01
4.1700000000e+01  7.4455483524e+01
4.1800000000e+01  7.4597912198e+01
4.1900000000e+01  7.4740541174e+01
4.2000000000e+01  7.4875710467e+01
4.2100000000e+01  7.5015693685e+01
4.2200000000e+01  7.5152137978e+01
4.2300000000e+01  7.5292639382e+01
4.2400000000e+01  7.5428482312e+01
4.2500000000e+01  7.5565692263e+01
4.2600000000e+01  7.5705942341e+01
4.2700000000e+01  7.5847325142e+01
4.2800000000e+01  7.5984919331e+01
4.2900000000e+01  7.6126795266e+01
4.3000000000e+01  7.6260760441e+01
4.3100000000e+01  7.6399600268e+01
4.3200000000e+01  7.6538499714e+01
4.3300000000e+01  7.6677801431e+01
4.3400000000e+01  7.6816319030e+01
4.3500000000e+01  7.6958291099e+01
4.3600000000e+01  7.7097466502e+01
4.3700000000e+01  7.7238468407e+01
4.3800000000e+01  7.7379911502e+01
4.3900000000e+01  7.7521374219e+01
4.4000000000e+01  7.7663115910e+01
4.4100000000e+01  7.7803561809e+01
4.4200000000e+01  7.7943537678e+01
4.4300000000e+01  7.8086413897e+01
4.4400000000e+01  7.8226478548e+01
4.4500000000e+01  7.8367080751e+01
4.4600000000e+01  7.8507232645e+01
4.4700000000e+01  7.8647111066e+01
4.4800000000e+01  7.8787155901e+01
4.4900000000e+01  7.8926405954e+01
4.5000000000e+01  7.9065696849e+01
4.5100000000e+01  7.9205356284e+01
4.5200000000e+01  7.9343050872e+01
4.5300000000e+01  7.9483878957e+01
4.5400000000e+01  7.9623508104e+01
4.5500000000e+01  7.9761587591e+01
4.5600000000e+01  7.9901327191e+01
4.5700000000e+01  8.0042202077e+01
4.5800000000e+01  8.0180416950e+01
4.5900000000e+01  8.0320733452e+01
4.6000000000e+01  8.0459956632e+01
4.6100000000e+01  8.0597477509e+01
4.6200000000e+01  8.0737657706e+01
4.6300000000e+01  8.0878469806e+01
4.6400000000e+01  8.1016267645e+01
4.6500000000e+01  8.1156791355e+01
4.6600000000e+01  8.1297504667e+01
4.6700000000e+01  8.1438047030e+01
4.6800000000e+01  8.1575456285e+01
4.6900000000e+01  8.1716202060e+01
4.7000000000e+01  8.1856270075e+01
4.7100000000e+01  8.1997370479e+01
4.7200000000e+01  8.2138552962e+01
4.7300000000e+01  8.2276877172e+01
4.7400000000e+01  8.2417328491e+01
4.7500000000e+01  8.2557073775e+01
4.7600000000e+01  8.2696602293e+01
4.7700000000e+01  8.2830906182e+01
4.7800000000e+01  8.2970427080e+01
4.7900000000e+01  8.3108344266e+01
4.8000000000e+01  8.3247446782e+01
4.8100000000e+01  8.3384793030e+01
4.8200000000e+01  8.3519971265e+01
4.8300000000e+01  8.3658686903e+01
4.8400000000e+01  8.3795464577e+01
4.8500000000e+01  8.3929362542e+01
4.8600000000e+01  8.4069461137e+01
4.8700000000e+01  8.4206276373e+01
4.8800000000e+01  8.4344477826e+01
4.8900000000e+01  8.4481203666e+01
4.9000000000e+01  8.4620407941e+01
4.9100000000e+01  8.4757479028e+01
4.9200000000e+01  8.4895331759e+01
4.9300000000e+01  8.5031094305e+01
4.9400000000e+01  8.5167730995e+01
4.9500000000e+01  8.5301855443e+01
4.9600000000e+01  8.5437934686e+01
4.9700000000e+01  8.5573568585e+01
4.9800000000e+01  8.5714647975e+01
4.9900000000e+01  8.5850105688e+01
5.0000000000e+01  8.5988844010e+01
5.0100000000e+01  8.6126179696e+01
5.0200000000e+01  8.6260991827e+01
5.0300000000e+01  8.6396748075e+01
5.0400000000e+01  8.6532817471e+01
5.0500000000e+01  8.6667489024e+01
5.0600000000e+01  8.6806714446e+01
5.0700000000e+01  8.6942945062e+01
5.0800000000e+01  8.7079780646e+01
5.0900000000e+01  8.7220760837e+01
5.1000000000e+01  8.7356434587e+01
5.1100000000e+01  8.7495409129e+01
5.1200000000e+01  8.7633117494e+01
5.1300000000e+01  8.7768364212e+01
5.1400000000e+01  8.7906051889e+01
5.1500000000e+01  8.8043157353e+01
5.1600000000e+01  8.8180206881e+01
5.1700000000e+01  8.8317374821e+01
5.1800000000e+01  8.8452627508e+01
5.1900000000e+01  8.8587572072e+01
5.2000000000e+01  8.8722931127e+01
5.2100000000e+01  8.8858255898e+01
5.2200000000e+01  8.8991398700e+01
5.2300000000e+01  8.9125615785e+01
5.2400000000e+01  8.9258268489e+01
5.2500000000e+01  8.9396990623e+01
5.2600000000e+01  8.9532506343e+01
5.2700000000e+01  8.9668779480e+01
5.2800000000e+01  8.9804860933e+01
5.2900000000e+01  8.9942166455e+01
5.3000000000e+01  9.0076426376e+01
5.3100000000e+01  9.0210855766e+01
5.3200000000e+01  9.0349593663e+01
5.3300000000e+01  9.0487704774e+01
5.3400000000e+01  9.0621602932e+01
5.3500000000e+01  9.0755918306e+01
5.3600000000e+01  9.0887314807e+01
5.3700000000e+01  9.1021255426e+01
5.3800000000e+01  9.1156173580e+01
5.3900000000e+01  9.1293145226e+01
5.4000000000e+01  9.1427466979e+01
5.4100000000e+01  9.1562617475e+01
5.4200000000e+01  9.1694872181e+01
5.4300000000e+01  9.1832499625e+01
5.4400000000e+01  9.1967202503e+01
5.4500000000e+01  9.2101262294e+01
5.4600000000e+01  9.2234948444e+01
5.4700000000e+01  9.2372502342e+01
5.4800000000e+01  9.2506828541e+01
5.4900000000e+01  9.2639176861e+01
5.5000000000e+01  9.2773982099e+01
5.5100000000e+01  9.2906647336e+01
5.5200000000e+01  9.3039635268e+01
5.5300000000e+01  9.3175523088e+01
5.5400000000e+01  9.3311113571e+01
5.5500000000e+01  9.3448035777e+01
5.5600000000e+01  9.3585732325e+01
5.5700000000e+01  9.3725437037e+01
5.5800000000e+01  9.3861695174e+01
5.5900000000e+01  9.3996270110e+01
5.6000000000e+01  9.4131152710e+01
5.6100000000e+01  9.4265064189e+01
5.6200000000e+01  9.4399050958e+01
5.6300000000e+01  9.4534802559e+01
5.6400000000e+01  9.4669157464e+01
5.6500000000e+01  9.4804893095e+01
5.6600000000e+01  9.4940519150e+01
5.6700000000e+01  9.5076520204e+01
5.6800000000e+01  9.5214513981e+01
5.6900000000e+01  9.5354708837e+01
5.7000000000e+01  9.5494092696e+01
5.7100000000e+01  9.5628579198e+01
5.7200000000e+01  9.5766863492e+01
5.7300000000e+01  9.5902960664e+01
5.7400000000e+01  9.6040046547e+01
5.7500000000e+01  9.6177888433e+01
5.7600000000e+01  9.6315933949e+01
5.7700000000e+01  9.6450434470e+01
5.7800000000e+01  9.6586990080e+01
5.7900000000e+01  9.6724452303e+01
5.8000000000e+01  9.6860584079e+01
5.8100000000e+01  9.6997298969e+01
5.8200000000e+01  9.7133312424e+01
5.8300000000e+01  9.7269436015e+01
5.8400000000e+01  9.7405967110e+01
5.8500000000e+01  9.7542753609e+01
5.8600000000e+01  9.7678842863e+01
5.8700000000e+01  9.7816620449e+01
5.8800000000e+01  9.7953871716e+01
5.8900000000e+01  9.8089195972e+01
5.9000000000e+01  9.8229316601e+01
5.9100000000e+01  9.8369726367e+01
5.9200000000e+01  9.8509739432e+01
5.9300000000e+01  9.8647957077e+01
5.9400000000e+01  9.8787775171e+01
5.9500000000e+01  9.8924319346e+01
5.9600000000e+01  9.9065887713e+01
5.9700000000e+01  9.9205873326e+01
5.9800000000e+01  9.9343374221e+01
5.9900000000e+01  9.9480748755e+01
6.0000000000e+01  9.9616054788e+01
6.0100000000e+01  9.9753715619e+01
6.0200000000e+01  9.9888952096e+01
6.0300000000e+01  1.0002317721e+02
6.0400000000e+01  1.0016103091e+02
6.0500000000e+01  1.0029401268e+02
6.0600000000e+01  1.0042962850e+02
6.0700000000e+01  1.0056220900e+02
6.0800000000e+01  1.0069559663e+02
6.0900000000e+01  1.0083089788e+02
6.1000000000e+01  1.0096506584e+02
6.1100000000e+01  1.0109724693e+02
6.1200000000e+01  1.0123185675e+02
6.1300000000e+01  1.0136471623e+02
6.1400000000e+01  1.0149528502e+02
6.1500000000e+01  1.0162861402e+02
6.1600000000e+01  1.0176408237e+02
6.1700000000e+01  1.0189368503e+02
6.1800000000e+01  1.0202786449e+02
6.1900000000e+01  1.0216288460e+02
6.2000000000e+01  1.0229753366e+02
6.2100000000e+01  1.0242967794e+02
6.2200000000e+01  1.0256258832e+02
6.2300000000e+01  1.0269197338e+02
6.2400000000e+01  1.0282706001e+02
6.2500000000e+01  1.0296364131e+02
6.2600000000e+01  1.0309656761e+02
6.2700000000e+01  1.0322962016e+02
6.2800000000e+01  1.0336305011e+02
6.2900000000e+01  1.0349739516e+02
6.3000000000e+01  1.0362952490e+02
6.3100000000e+01  1.0376426319e+02
6.3200000000e+01  1.0389871758e+02
6.3300000000e+01  1.0403162858e+02
6.3400000000e+01  1.0416744416e+02
6.3500000000e+01  1.0430391532e+02
6.3600000000e+01  1.0443550039e+02
6.3700000000e+01  1.0456951824e+02
6.3800000000e+01  1.0470510951e+02
6.3900000000e+01  1.0483957249e+02
6.4000000000e+01  1.0497201983e+02
6.4100000000e+01  1.0510136547e+02
6.4200000000e+01  1.0523222718e+02
6.4300000000e+01  1.0536504459e+02
6.4400000000e+01  1.0549779968e+02
6.4500000000e+01  1.0563043707e+02
6.4600000000e+01  1.0576327193e+02
6.4700000000e+01  1.0589668880e+02
6.4800000000e+01  1.0602730256e+02
6.4900000000e+01  1.0616037503e+02
6.5000000000e+01  1.0629089015e+02
6.5100000000e+01  1.0642268144e+02
6.5200000000e+01  1.0655683930e+02
6.5300000000e+01  1.0668867613e+02
6.5400000000e+01  1.0682160769e+02
6.5500000000e+01  1.0695174249e+02
6.5600000000e+01  1.0708284178e+02
6.5700000000e+01  1.0721349809e+02
6.5800000000e+01  1.0734192881e+02
6.5900000000e+01  1.0747208020e+02
6.6000000000e+01  1.0760162914e+02
6.6100000000e+01  1.0773289501e+02
6.6200000000e+01  1.0786313427e+02
6.6300000000e+01  1.0799437077e+02
6.6400000000e+01  1.0812461373e+02
6.6500000000e+01  1.0825606519e+02
6.6600000000e+01  1.0838248376e+02
6.6700000000e+01  1.0851444981e+02
6.6800000000e+01  1.0864169047e+02
6.6900000000e+01  1.0877432307e+02
6.7000000000e+01  1.0890121653e+02
6.7100000000e+01  1.0903019615e+02
6.7200000000e+01  1.0915880617e+02
6.7300000000e+01  1.0928679459e+02
6.7400000000e+01  1.0941468664e+02
6.7500000000e+01  1.0954198553e+02
6.7600000000e+01  1.0967310212e+02
6.7700000000e+01  1.0980274204e+02
6.7800000000e+01  1.0993371206e+02
6.7900000000e+01  1.1006412179e+02
6.8000000000e+01  1.1019274378e+02
6.8100000000e+01  1.1032267508e+02
6.8200000000e+01  1.1045352128e+02
6.8300000000e+01  1.1058595807e+02
6.8400000000e+01  1.1071600168e+02
6.8500000000e+01  1.1084815520e+02
6.8600000000e+01  1.1098240125e+02
6.8700000000e+01  1.1111339632e+02
6.8800000000e+01  1.1124354783e+02
6.8900000000e+01  1.1137764504e+02
6.9000000000e+01  1.1150635991e+02
6.9100000000e+01  1.1163473861e+02
6.9200000000e+01  1.1176439389e+02
6.9300000000e+01  1.1189388431e+02
6.9400000000e+01  1.1202551485e+02
6.9500000000e+01  1.1215998153e+02
6.9600000000e+01  1.1229205007e+02
6.9700000000e+01  1.1242541287e+02
6.9800000000e+01  1.1255901208e+02
6.9900000000e+01  1.1269123317e+02
7.0000000000e+01  1.1282430044e+02
7.0100000000e+01  1.1295628316e+02
7.0200000000e+01  1.1308601772e+02
7.0300000000e+01  1.1321344478e+02
7.0400000000e+01  1.1334898043e+02
7.0500000000e+01  1.1347890048e+02
7.0600000000e+01  1.1361167662e+02
7.0700000000e+01  1.1374031969e+02
7.0800000000e+01  1.1386985325e+02
7.0900000000e+01  1.1399993415e+02
7.1000000000e+01  1.1412704201e+02
7.1100000000e+01  1.1425598045e+02
7.1200000000e+01  1.1438547380e+02
7.1300000000e+01  1.1451394237e+02
7.1400000000e+01  1.1464287918e+02
7.1500000000e+01  1.1477416872e+02
7.1600000000e+01  1.1490365253e+02
7.1700000000e+01  1.1503087118e+02
7.1800000000e+01  1.1516085852e+02
7.1900000000e+01  1.1529006449e+02
7.2000000000e+01  1.1541715691e+02
7.2100000000e+01  1.1554348489e+02
7.2200000000e+01  1.1566884626e+02
7.2300000000e+01  1.1579718437e+02
7.2400000000e+01  1.1592747740e+02
7.2500000000e+01  1.1605399986e+02
7.2600000000e+01  1.1618328170e+02
7.2700000000e+01  1.1631147372e+02
7.2800000000e+01  1.1643850287e+02
7.2900000000e+01  1.1656354790e+02
7.3000000000e+01  1.1669404620e+02
7.3100000000e+01  1.1681888870e+02
7.3200000000e+01  1.1694801491e+02
7.3300000000e+01  1.1707313482e+02
7.3400000000e+01  1.1719776837e+02
7.3500000000e+01  1.1732308981e+02
7.3600000000e+01  1.1745246990e+02
7.3700000000e+01  1.1758079596e+02
7.3800000000e+01  1.1770824330e+02
7.3900000000e+01  1.1783715064e+02
7.4000000000e+01  1.1796672335e+02
7.4100000000e+01  1.1809463391e+02
7.4200000000e+01  1.1822438522e+02
7.4300000000e+01  1.1835292745e+02
7.4400000000e+01  1.1848323885e+02
7.4500000000e+01  1.1860868255e+02
7.4600000000e+01  1.1873666523e+02
7.4700000000e+01  1.1886293490e+02
7.4800000000e+01  1.1899101739e+02
7.4900000000e+01  1.1911677315e+02
7.5000000000e+01  1.1924461887e+02
7.5100000000e+01  1.1937073899e+02
7.5200000000e+01  1.1949549841e+02
7.5300000000e+01  1.1962437574e+02
7.5400000000e+01  1.1974956695e+02
7.5500000000e+01  1.1987631403e+02
7.5600000000e+01  1.2000138843e+02
7.5700000000e+01  1.2012831267e+02
7.5800000000e+01  1.2025376660e+02
7.5900000000e+01  1.2038033582e+02
7.6000000000e+01  1.2050926754e+02
7.6100000000e+01  1.2063852784e+02
7.6200000000e+01  1.2076197650e+02
7.6300000000e+01  1.2088591671e+02
7.6400000000e+01  1.2100878939e+02
7.6500000000e+01  1.2113226212e+02
7.6600000000e+01  1.2125781814e+02
7.6700000000e+01  1.2138443509e+02
7.6800000000e+01  1.2150614274e+02
7.6900000000e+01  1.2163102708e+02
7.7000000000e+01  1.2175410026e+02
7.7100000000e+01  1.2187948228e+02
7.7200000000e+01  1.2200186814e+02
7.7300000000e+01  1.2212042911e+02
7.7400000000e+01  1.2224502008e+02
7.7500000000e+01  1.2236910386e+02
7.7600000000e+01  1.2249026252e+02
7.7700000000e+01  1.2261146129e+02
7.7800000000e+01  1.2273405557e+02
7.7900000000e+01  1.2285703928e+02
7.8000000000e+01  1.2297876939e+02
7.8100000000e+01  1.2310290869e+02
7.8200000000e+01  1.2322896223e+02
7.8300000000e+01  1.2334990335e+02
7.8400000000e+01  1.2347489606e+02
7.8500000000e+01  1.2360070567e+02
7.8600000000e+01  1.2372280060e+02
7.8700000000e+01  1.2384591754e+02
7.8800000000e+01  1.2396744060e+02
7.8900000000e+01  1.2409450592e+02
7.9000000000e+01  1.2421478248e+02
7.9100000000e+01  1.2434069298e+02
7.9200000000e+01  1.2446147430e+02
7.9300000000e+01  1.2458852914e+02
7.9400000000e+01  1.2471180179e+02
7.9500000000e+01  1.2483469442e+02
7.9600000000e+01  1.2496023778e+02
7.9700000000e+01  1.2508541250e+02
7.9800000000e+01  1.2521416937e+02
7.9900000000e+01  1.2533904611e+02
8.0000000000e+01  1.2546332534e+02
8.0100000000e+01  1.2558828010e+02
8.0200000000e+01  1.2570946137e+02
8.0300000000e+01  1.2583352656e+02
8.0400000000e+01  1.2595835076e+02
8.0500000000e+01  1.2608409637e+02
8.0600000000e+01  1.2620940360e+02
8.0700000000e+01  1.2633616079e+02
8.0800000000e+01  1.2646030858e+02
8.0900000000e+01  1.2658782113e+02
8.1000000000e+01  1.2671117947e+02
8.1100000000e+01  1.2683471143e+02
8.1200000000e+01  1.2696245128e+02
8.1300000000e+01  1.2708675337e+02
8.1400000000e+01  1.2721092823e+02
8.1500000000e+01  1.2733639761e+02
8.1600000000e+01  1.2746257388e+02
8.1700000000e+01  1.2758839147e+02
8.1800000000e+01  1.2771758112e+02
8.1900000000e+01  1.2784230782e+02
8.2000000000e+01  1.2796615352e+02
8.2100000000e+01  1.2809289897e+02
8.2200000000e+01  1.2821736537e+02
8.2300000000e+01  1.2834452935e+02
8.2400000000e+01  1.2846973374e+02
8.2500000000e+01  1.2859972380e+02
8.2600000000e+01  1.2872457664e+02
8.2700000000e+01  1.2885251077e+02
8.2800000000e+01  1.2897902994e+02
8.2900000000e+01  1.2910432870e+02
8.3000000000e+01  1.2922977082e+02
8.3100000000e+01  1.2935393923e+02
8.3200000000e+01  1.2947899917e+02
8.3300000000e+01  1.2960628465e+02
8.3400000000e+01  1.2973089169e+02
8.3500000000e+01  1.2985600723e+02
8.3600000000e+01  1.2998080891e+02
8.3700000000e+01  1.3010355463e+02
8.3800000000e+01  1.3022309980e+02
8.3900000000e+01  1.3034840437e+02
8.4000000000e+01  1.3047180487e+02
8.4100000000e+01  1.3059739985e+02
8.4200000000e+01  1.3072091290e+02
8.4300000000e+01  1.3084489741e+02
8.4400000000e+01  1.3096740298e+02
8.4500000000e+01  1.3109074611e+02
8.4600000000e+01  1.3121628334e+02
8.4700000000e+01  1.3134135834e+02
8.4800000000e+01  1.3146629212e+02
8.4900000000e+01  1.3159364049e+02
8.5000000000e+01  1.3171797120e+02
8.5100000000e+01  1.3184281735e+02
8.5200000000e+01  1.3196701176e+02
8.5300000000e+01  1.3209285178e+02
8.5400000000e+01  1.3221316097e+02
8.5500000000e+01  1.3233867503e+02
8.5600000000e+01  1.3246463392e+02
8.5700000000e+01  1.3259079770e+02
8.5800000000e+01  1.3271871660e+02
8.5900000000e+01  1.3284514294e+02
8.6000000000e+01  1.3297155832e+02
8.6100000000e+01  1.3309740468e+02
8.6200000000e+01  1.3321737931e+02
8.6300000000e+01  1.3334216802e+02
8.6400000000e+01  1.3346586427e+02
8.6500000000e+01  1.3359181311e+02
8.6600000000e+01  1.3371665678e+02
8.6700000000e+01  1.3384002702e+02
8.6800000000e+01  1.3396939165e+02
8.6900000000e+01  1.3409524567e+02
8.7000000000e+01  1.3422404678e+02
8.7100000000e+01  1.3435042329e+02
8.7200000000e+01  1.3447769960e+02
8.7300000000e+01  1.3460647393e+02
8.7400000000e+01  1.3473306514e+02
8.7500000000e+01  1.3485761608e+02
8.7600000000e+01  1.3498473662e+02
8.7700000000e+01  1.3511192784e+02
8.7800000000e+01  1.3524138491e+02
8.7900000000e+01  1.3536636174e+02
8.8000000000e+01  1.3549301981e+02
8.8100000000e+01  1.3561862505e+02
8.8200000000e+01  1.3574719909e+02
8.8300000000e+01  1.3587357142e+02
8.8400000000e+01  1.3599826980e+02
8.8500000000e+01  1.3612772788e+02
8.8600000000e+01  1.3625241510e+02
8.8700000000e+01  1.3638113233e+02
8.8800000000e+01  1.3651000595e+02
8.8900000000e+01  1.3663387258e+02
8.9000000000e+01  1.3676078901e+02
8.9100000000e+01  1.3688476996e+02
8.9200000000e+01  1.3701192106e+02
8.9300000000e+01  1.3713852943e+02
8.9400000000e+01  1.3726495156e+02
8.9500000000e+01  1.3738948935e+02
8.9600000000e+01  1.3751668030e+02
8.9700000000e+01  1.3764394440e+02
8.9800000000e+01  1.3777374095e+02
8.9900000000e+01  1.3790133286e+02
9.0000000000e+01  1.3802588425e+02
9.0100000000e+01  1.3815271037e+02
9.0200000000e+01  1.3827976145e+02
9.0300000000e+01  1.3840667847e+02
9.0400000000e+01  1.3853143691e+02
9.0500000000e+01  1.3865929300e+02
9.0600000000e+01  1.3878726490e+02
9.0700000000e+01  1.3891254345e+02
9.0800000000e+01  1.3903914794e+02
9.0900000000e+01  1.3916836047e+02
9.1000000000e+01  1.3929354859e+02
9.1100000000e+01  1.3941997114e+02
9.1200000000e+01  1.3954737214e+02
9.1300000000e+01  1.3967360184e+02
9.1400000000e+01  1.3979785916e+02
9.1500000000e+01  1.3992868409e+02
9.1600000000e+01  1.4005366969e+02
9.1700000000e+01  1.4017678869e+02
9.1800000000e+01  1.4030548796e+02
9.1900000000e+01  1.4042996405e+02
9.2000000000e+01  1.4055455443e+02
9.2100000000e+01  1.4067770600e+02
9.2200000000e+01  1.4080459506e+02
9.2300000000e+01  1.4092879340e+02
9.2400000000e+01  1.4105616425e+02
9.2500000000e+01  1.4118119870e+02
9.2600000000e+01  1.4130929001e+02
9.2700000000e+01  1.4143337071e+02
9.2800000000e+01  1.4155743185e+02
9.2900000000e+01  1.4168723220e+02
9.3000000000e+01  1.4181501108e+02
9.3100000000e+01  1.4193985655e+02
9.3200000000e+01  1.4206570399e+02
9.3300000000e+01  1.4219304078e+02
9.3400000000e+01  1.4231755034e+02
9.3500000000e+01  1.4244864921e+02
9.3600000000e+01  1.4257732354e+02
9.3700000000e+01  1.4270414322e+02
9.3800000000e+01  1.4282983265e+02
9.3900000000e+01  1.4295527747e+02
9.4000000000e+01  1.4307810092e+02
9.4100000000e+01  1.4320467806e+02
9.4200000000e+01  1.4333016917e+02
9.4300000000e+01  1.4345878818e+02
9.4400000000e+01  1.4358236986e+02
9.4500000000e+01  1.4370854851e+02
9.4600000000e+01  1.4383303914e+02
9.4700000000e+01  1.4395927002e+02
9.4800000000e+01  1.4408727029e+02
9.4900000000e+01  1.4421566220e+02
9.5000000000e+01  1.4434125054e+02
9.5100000000e+01  1.4446972826e+02
9.5200000000e+01  1.4459569298e+02
9.5300000000e+01  1.4472284293e+02
9.5400000000e+01  1.4484972827e+02
9.5500000000e+01  1.4497438907e+02
9.5600000000e+01  1.4510245824e+02
9.5700000000e+01  1.4522789018e+02
9.5800000000e+01  1.4535371703e+02
9.5900000000e+01  1.4548131071e+02
9.6000000000e+01  1.4560601803e+02
9.6100000000e+01  1.4573261229e+02
9.6200000000e+01  1.4585967365e+02
9.6300000000e+01  1.4598440150e+02
9.6400000000e+01  1.4611197725e+02
9.6500000000e+01  1.4624178835e+02
9.6600000000e+01  1.4636903964e+02
9.6700000000e+01  1.4649441204e+02
9.6800000000e+01  1.4661990359e+02
9.6900000000e+01  1.4674483129e+02
9.7000000000e+01  1.4687150930e+02
9.7100000000e+01  1.4699638008e+02
9.7200000000e+01  1.4712287648e+02
9.7300000000e+01  1.4724773764e+02
9.7400000000e+01  1.4737109162e+02
9.7500000000e+01  1.4749925007e+02
9.7600000000e+01  1.4762469912e+02
9.7700000000e+01  1.4774856015e+02
9.7800000000e+01  1.4787548721e+02
9.7900000000e+01  1.4800071538e+02
9.8000000000e+01  1.4812518699e+02
9.8100000000e+01  1.4824970418e+02
9.8200000000e+01  1.4837490643e+02
9.8300000000e+01  1.4850062755e+02
9.8400000000e+01  1.4862502108e+02
9.8500000000e+01  1.4874803249e+02
9.8600000000e+01  1.4886994322e+02
9.8700000000e+01  1.4899374955e+02
9.8800000000e+01  1.4911588952e+02
9.8900000000e+01  1.4923858712e+02
9.9000000000e+01  1.4936290437e+02
9.9100000000e+01  1.4948836862e+02
9.9200000000e+01  1.4961508032e+02
9.9300000000e+01  1.4973872586e+02
9.9400000000e+01  1.4986244637e+02
9.9500000000e+01  1.4998524041e+02
9.9600000000e+01  1.5011225937e+02
9.9700000000e+01  1.5023842832e+02
9.9800000000e+01  1.5036541255e+02
9.9900000000e+01  1.5048855276e+02
1.0000000000e+02  1.5061708328e+02
1.0010000000e+02  1.5074312165e+02
1.0020000000e+02  1.5086749974e+02
1.0030000000e+02  1.5099523738e+02
1.0040000000e+02  1.5112330658e+02
1.0050000000e+02  1.5124944699e+02
1.0060000000e+02  1.5137388773e+02
1.0070000000e+02  1.5150305443e+02
1.0080000000e+02  1.5162788424e+02
1.0090000000e+02  1.5175274703e+02
1.0100000000e+02  1.5188151981e+02
1.0110000000e+02  1.5200893726e+02
1.0120000000e+02  1.5213329388e+02
1.0130000000e+02  1.5226395876e+02
1.0140000000e+02  1.5238952978e+02
1.0150000000e+02  1.5251967952e+02
1.0160000000e+02  1.5264617939e+02
1.0170000000e+02  1.5277588252e+02
1.0180000000e+02  1.5290455540e+02
1.0190000000e+02  1.5303284685e+02
1.0200000000e+02  1.5316027513e+02
1.0210000000e+02  1.5328577510e+02
1.0220000000e+02  1.5341282402e+02
1.0230000000e+02  1.5353997482e+02
1.0240000000e+02  1.5366479054e+02
1.0250000000e+02  1.5379469094e+02
1.0260000000e+02  1.5392097837e+02
1.0270000000e+02  1.5404866613e+02
1.0280000000e+02  1.5417634937e+02
1.0290000000e+02  1.5430457948e+02
1.0300000000e+02  1.5443264583e+02
1.0310000000e+02  1.5455974870e+02
1.0320000000e+02  1.5468901234e+02
1.0330000000e+02  1.5482065579e+02
1.0340000000e+02  1.5494565669e+02
1.0350000000e+02  1.5507261655e+02
1.0360000000e+02  1.5520295006e+02
1.0370000000e+02  1.5532747813e+02
1.0380000000e+02  1.5545657111e+02
1.0390000000e+02  1.5558208357e+02
1.0400000000e+02  1.5571184492e+02
1.0410000000e+02  1.5583711538e+02
1.0420000000e+02  1.5596528630e+02
1.0430000000e+02  1.5609231247e+02
1.0440000000e+02  1.5621949345e+02
1.0450000000e+02  1.5634635225e+02
1.0460000000e+02  1.5647053155e+02
1.0470000000e+02  1.5660230227e+02
1.0480000000e+02  1.5673253455e+02
1.0490000000e+02  1.5686109996e+02
1.0500000000e+02  1.5699242881e+02
1.0510000000e+02  1.5711486490e+02
1.0520000000e+02  1.5724480501e+02
1.0530000000e+02  1.5736813687e+02
1.0540000000e+02  1.5749392406e+02
1.0550000000e+02  1.5762252526e+02
1.0560000000e+02  1.5774596042e+02
1.0570000000e+02  1.5786986480e+02
1.0580000000e+02  1.5799248654e+02
1.0590000000e+02  1.5811860347e+02
1.0600000000e+02  1.5824207290e+02
1.0610000000e+02  1.5836901327e+02
1.0620000000e+02  1.5849332792e+02
1.0630000000e+02  1.5861825540e+02
1.0640000000e+02  1.5874271108e+02
1.0650000000e+02  1.5886730517e+02
1.0660000000e+02  1.5899019235e+02
1.0670000000e+02  1.5911175344e+02
1.0680000000e+02  1.5923504235e+02
1.0690000000e+02  1.5935783471e+02
1.0700000000e+02  1.5948112329e+02
1.0710000000e+02  1.5960432739e+02
1.0720000000e+02  1.5973178317e+02
1.0730000000e+02  1.5985690705e+02
1.0740000000e+02  1.5998151724e+02
1.0750000000e+02  1.6010669382e+02
1.0760000000e+02  1.6022915219e+02
1.0770000000e+02  1.6035598693e+02
1.0780000000e+02  1.6047975861e+02
1.0790000000e+02  1.6060304730e+02
1.0800000000e+02  1.6072896000e+02
1.0810000000e+02  1.6085226031e+02
1.0820000000e+02  1.6097741007e+02
1.0830000000e+02  1.6110349942e+02
1.0840000000e+02  1.6123049712e+02
1.0850000000e+02  1.6135697682e+02
1.0860000000e+02  1.6148277865e+02
1.0870000000e+02  1.6160651335e+02
1.0880000000e+02  1.6173367084e+02
1.0890000000e+02  1.6185873554e+02
1.0900000000e+02  1.6198128047e+02
1.0910000000e+02  1.6210959952e+02
1.0920000000e+02  1.6223658818e+02
1.0930000000e+02  1.6236626478e+02
1.0940000000e+02  1.6249431462e+02
1.0950000000e+02  1.6261930625e+02
1.0960000000e+02  1.6274211338e+02
1.0970000000e+02  1.6286591814e+02
1.0980000000e+02  1.6299129427e+02
1.0990000000e+02  1.6311685450e+02
1.1000000000e+02  1.6324119121e+02
1.1010000000e+02  1.6336749724e+02
1.1020000000e+02  1.6349186033e+02
1.1030000000e+02  1.6361739005e+02
1.1040000000e+02  1.6374420716e+02
1.1050000000e+02  1.6386960599e+02
1.1060000000e+02  1.6399276922e+02
1.1070000000e+02  1.6411881097e+02
1.1080000000e+02  1.6424383377e+02
1.1090000000e+02  1.6436631672e+02
1.1100000000e+02  1.6448989886e+02
1.1110000000e+02  1.6461443109e+02
1.1120000000e+02  1.6473816793e+02
1.1130000000e+02  1.6486469584e+02
1.1140000000e+02  1.6498902521e+02
1.1150000000e+02  1.6511356860e+02
1.1160000000e+02  1.6523683603e+02
1.1170000000e+02  1.6536058204e+02
1.1180000000e+02  1.6548490488e+02
1.1190000000e+02  1.6561218488e+02
1.1200000000e+02  1.6573794920e+02
1.1210000000e+02  1.6586243447e+02
1.1220000000e+02  1.6598732577e+02
1.1230000000e+02  1.6611496361e+02
1.1240000000e+02  1.6624058253e+02
1.1250000000e+02  1.6636531476e+02
1.1260000000e+02  1.6648974979e+02
1.1270000000e+02  1.6661675391e+02
1.1280000000e+02  1.6673960234e+02
1.1290000000e+02  1.6686392545e+02
1.1300000000e+02  1.6698844882e+02
1.1310000000e+02  1.6711398112e+02
1.1320000000e+02  1.6723911686e+02
1.1330000000e+02  1.6736593906e+02
1.1340000000e+02  1.6749103500e+02
1.1350000000e+02  1.6761802172e+02
1.1360000000e+02  1.6774419252e+02
1.1370000000e+02  1.6787020530e+02
1.1380000000e+02  1.6799787013e+02
1.1390000000e+02  1.6812410147e+02
1.1400000000e+02  1.6825187051e+02
1.1410000000e+02  1.6837792597e+02
1.1420000000e+02  1.6850366620e+02
1.1430000000e+02  1.6862924005e+02
1.1440000000e+02  1.6875513422e+02
1.1450000000e+02  1.6888173617e+02
1.1460000000e+02  1.6901023063e+02
1.1470000000e+02  1.6913784530e+02
1.1480000000e+02  1.6926349090e+02
1.1490000000e+02  1.6939191316e+02
1.1500000000e+02  1.6951910218e+02
1.1510000000e+02  1.6964824454e+02
1.1520000000e+02  1.6977622545e+02
1.1530000000e+02  1.6990269142e+02
1.1540000000e+02  1.7003043337e+02
1.1550000000e+02  1.7016125658e+02
1.1560000000e+02  1.7028685834e+02
1.1570000000e+02  1.7041507698e+02
1.1580000000e+02  1.7054646103e+02
1.1590000000e+02  1.7067158261e+02
1.1600000000e+02  1.7079883508e+02
1.1610000000e+02  1.7092785853e+02
1.1620000000e+02  1.7105594396e+02
1.1630000000e+02  1.7118275255e+02
1.1640000000e+02  1.7130858721e+02
1.1650000000e+02  1.7143727028e+02
1.1660000000e+02  1.7156543290e+02
1.1670000000e+02  1.7168706026e+02
1.1680000000e+02  1.7181000736e+02
1.1690000000e+02  1.7193613035e+02
1.1700000000e+02  1.7206289874e+02
1.1710000000e+02  1.7218932920e+02
1.1720000000e+02  1.7231454953e+02
1.1730000000e+02  1.7243945032e+02
1.1740000000e+02  1.7256512093e+02
1.1750000000e+02  1.7268863381e+02
1.1760000000e+02  1.7281557260e+02
1.1770000000e+02  1.7293785406e+02
1.1780000000e+02  1.7306344563e+02
1.1790000000e+02  1.7318873630e+02
1.1800000000e+02  1.7331266783e+02
1.1810000000e+02  1.7343451969e+02
1.1820000000e+02  1.7355798181e+02
1.1830000000e+02  1.7368565614e+02
1.1840000000e+02  1.7381126168e+02
1.1850000000e+02  1.7393656006e+02
1.1860000000e+02  1.7405810343e+02
1.1870000000e+02  1.7418355951e+02
1.1880000000e+02  1.7430704642e+02
1.1890000000e+02  1.7443213030e+02
1.1900000000e+02  1.7455988761e+02
1.1910000000e+02  1.7468086184e+02
1.1920000000e+02  1.7480462409e+02
1.1930000000e+02  1.7492917295e+02
1.1940000000e+02  1.7505302462e+02
1.1950000000e+02  1.7517732210e+02
1.1960000000e+02  1.7530317129e+02
1.1970000000e+02  1.7543073777e+02
1.1980000000e+02  1.7555562789e+02
1.1990000000e+02  1.7567544348e+02
1.2000000000e+02  1.7579991037e+02
1.2010000000e+02  1.7592312347e+02
1.2020000000e+02  1.7604933492e+02
1.2030000000e+02  1.7617071144e+02
1.2040000000e+02  1.7629629020e+02
1.2050000000e+02  1.7641934478e+02
1.2060000000e+02  1.7654252894e+02
1.2070000000e+02  1.7666492490e+02
1.2080000000e+02  1.7678975131e+02
1.2090000000e+02  1.7691098025e+02
1.2100000000e+02  1.7703397625e+02
1.2110000000e+02  1.7715485885e+02
1.2120000000e+02  1.7727777786e+02
1.2130000000e+02  1.7739812482e+02
1.2140000000e+02  1.7752025649e+02
1.2150000000e+02  1.7764256428e+02
1.2160000000e+02  1.7776427166e+02
1.2170000000e+02  1.7788435470e+02
1.2180000000e+02  1.7800771015e+02
1.2190000000e+02  1.7812874933e+02
1.2200000000e+02  1.7824812426e+02
1.2210000000e+02  1.7836938047e+02
1.2220000000e+02  1.7849090853e+02
1.2230000000e+02  1.7861141797e+02
1.2240000000e+02  1.7873533532e+02
1.2250000000e+02  1.7885384280e+02
1.2260000000e+02  1.7897524030e+02
1.2270000000e+02  1.7909661440e+02
1.2280000000e+02  1.7921737448e+02
1.2290000000e+02  1.7933635861e+02
1.2300000000e+02  1.7945352053e+02
1.2310000000e+02  1.7957150775e+02
1.2320000000e+02  1.7969481591e+02
1.2330000000e+02  1.7981519709e+02
1.2340000000e+02  1.7993948166e+02
1.2350000000e+02  1.8006146662e+02
1.2360000000e+02  1.8018058661e+02
1.2370000000e+02  1.8030319465e+02
1.2380000000e+02  1.8042411644e+02
1.2390000000e+02  1.8054176923e+02
1.2400000000e+02  1.8066400378e+02
1.2410000000e+02  1.8078237903e+02
1.2420000000e+02  1.8090236798e+02
1.2430000000e+02  1.8102185446e+02
1.2440000000e+02  1.8114166451e+02
1.2450000000e+02  1.8126285728e+02
1.2460000000e+02  1.8138132620e+02
1.2470000000e+02  1.8150122767e+02
1.2480000000e+02  1.8162286280e+02
1.2490000000e+02  1.8174158275e+02
1.2500000000e+02  1.8186595892e+02
1.2510000000e+02  1.8198730540e+02
1.2520000000e+02  1.8210954091e+02
1.2530000000e+02  1.8223141509e+02
1.2540000000e+02  1.8235463119e+02
1.2550000000e+02  1.8247597022e+02
1.2560000000e+02  1.8259747637e+02
1.2570000000e+02  1.8271795369e+02
1.2580000000e+02  1.8283750653e+02
1.2590000000e+02  1.8295873893e+02
1.2600000000e+02  1.8308200763e+02
1.2610000000e+02  1.8320100620e+02
1.2620000000e+02  1.8332240795e+02
1.2630000000e+02  1.8344325793e+02
1.2640000000e+02  1.8356509187e+02
1.2650000000e+02  1.8368663445e+02
1.2660000000e+02  1.8380555913e+02
1.2670000000e+02  1.8392880131e+02
1.2680000000e+02  1.8405385357e+02
1.2690000000e+02  1.8417540275e+02
1.2700000000e+02  1.8430108905e+02
1.2710000000e+02  1.8442530610e+02
1.2720000000e+02  1.8454810613e+02
1.2730000000e+02  1.8467514078e+02
1.2740000000e+02  1.8479876306e+02
1.2750000000e+02  1.8492345457e+02
1.2760000000e+02  1.8505205133e+02
1.2770000000e+02  1.8517480752e+02
1.2780000000e+02  1.8530224970e+02
1.2790000000e+02  1.8542448913e+02
1.2800000000e+02  1.8554947906e+02
1.2810000000e+02  1.8567357860e+02
1.2820000000e+02  1.8579813431e+02
1.2830000000e+02  1.8592173029e+02
1.2840000000e+02  1.8604716047e+02
1.2850000000e+02  1.8616944835e+02
1.2860000000e+02  1.8629365116e+02
1.2870000000e+02  1.8641715095e+02
1.2880000000e+02  1.8653905946e+02
1.2890000000e+02  1.8666049970e+02
1.2900000000e+02  1.8678522558e+02
1.2910000000e+02  1.8690789999e+02
1.2920000000e+02  1.8703244883e+02
1.2930000000e+02  1.8715624407e+02
1.2940000000e+02  1.8728122740e+02
1.2950000000e+02  1.8740507666e+02
1.2960000000e+02  1.8752969682e+02
1.2970000000e+02  1.8765265270e+02
1.2980000000e+02  1.8777982112e+02
1.2990000000e+02  1.8790320744e+02
1.3000000000e+02  1.8802908134e+02
1.3010000000e+02  1.8815224208e+02
1.3020000000e+02  1.8827698017e+02
1.3030000000e+02  1.8839982118e+02
1.3040000000e+02  1.8852145537e+02
1.3050000000e+02  1.8864853091e+02
1.3060000000e+02  1.8877319219e+02
1.3070000000e+02  1.8889435218e+02
1.3080000000e+02  1.8901444865e+02
1.3090000000e+02  1.8913872996e+02
1.3100000000e+02  1.8926033289e+02
1.3110000000e+02  1.8938110573e+02
1.3120000000e+02  1.8950120100e+02
1.3130000000e+02  1.8962350266e+02
1.3140000000e+02  1.8974163456e+02
1.3150000000e+02  1.8986661305e+02
1.3160000000e+02  1.8998993867e+02
1.3170000000e+02  1.9011317627e+02
1.3180000000e+02  1.9023598132e+02
1.3190000000e+02  1.9035788377e+02
1.3200000000e+02  1.9048090842e+02
1.3210000000e+02  1.9060758438e+02
1.3220000000e+02  1.9072740898e+02
1.3230000000e+02  1.9084832297e+02
1.3240000000e+02  1.9096946464e+02
1.3250000000e+02  1.9109198639e+02
1.3260000000e+02  1.9121296750e+02
1.3270000000e+02  1.9133841129e+02
1.3280000000e+02  1.9146054994e+02
1.3290000000e+02  1.9158351411e+02
1.3300000000e+02  1.9170434706e+02
1.3310000000e+02  1.9182704640e+02
1.3320000000e+02  1.9195168645e+02
1.3330000000e+02  1.9207183688e+02
1.3340000000e+02  1.9219515233e+02
1.3350000000e+02  1.9231548451e+02
1.3360000000e+02  1.9243941426e+02
1.3370000000e+02  1.9256146028e+02
1.3380000000e+02  1.9268215641e+02
1.3390000000e+02  1.9280182157e+02
1.3400000000e+02  1.9292154453e+02
1.3410000000e+02  1.9304518463e+02
1.3420000000e+02  1.9316775784e+02
1.3430000000e+02  1.9329058728e+02
1.3440000000e+02  1.9341563693e+02
1.3450000000e+02  1.9354195872e+02
1.3460000000e+02  1.9366572012e+02
1.3470000000e+02  1.9379133318e+02
1.3480000000e+02  1.9391405182e+02
1.3490000000e+02  1.9403745673e+02
1.3500000000e+02  1.9416086928e+02
1.3510000000e+02  1.9428627204e+02
1.3520000000e+02  1.9440536299e+02
1.3530000000e+02  1.9452931065e+02
1.3540000000e+02  1.9465253708e+02
1.3550000000e+02  1.9477434322e+02
1.3560000000e+02  1.9489831903e+02
1.3570000000e+02  1.9502378974e+02
1.3580000000e+02  1.9514832079e+02
1.3590000000e+02  1.9527051151e+02
1.3600000000e+02  1.9539247669e+02
1.3610000000e+02  1.9551397177e+02
1.3620000000e+02  1.9563826657e+02
1.3630000000e+02  1.9576207649e+02
1.3640000000e+02  1.9589291039e+02
1.3650000000e+02  1.9601273662e+02
1.3660000000e+02  1.9613772497e+02
1.3670000000e+02  1.9626189729e+02
1.3680000000e+02  1.9638782993e+02
1.3690000000e+02  1.9651042713e+02
1.3700000000e+02  1.9663379169e+02
1.3710000000e+02  1.9675845872e+02
1.3720000000e+02  1.9688359255e+02
1.3730000000e+02  1.9700948458e+02
1.3740000000e+02  1.9713547959e+02
1.3750000000e+02  1.9726320148e+02
1.3760000000e+02  1.9738986176e+02
1.3770000000e+02  1.9751808663e+02
1.3780000000e+02  1.9764309038e+02
1.3790000000e+02  1.9776990536e+02
1.3800000000e+02  1.9789140269e+02
1.3810000000e+02  1.9801712468e+02
1.3820000000e+02  1.9814330412e+02
1.3830000000e+02  1.9826562925e+02
1.3840000000e+02  1.9838939353e+02
1.3850000000e+02  1.9851102110e+02
1.3860000000e+02  1.9863516094e+02
1.3870000000e+02  1.9876051237e+02
1.3880000000e+02  1.9888343945e+02
1.3890000000e+02  1.9900731667e+02
1.3900000000e+02  1.9912880657e+02
1.3910000000e+02  1.9925331577e+02
1.3920000000e+02  1.9937498000e+02
1.3930000000e+02  1.9949607226e+02
1.3940000000e+02  1.9961973414e+02
1.3950000000e+02  1.9974174003e+02
1.3960000000e+02  1.9986582523e+02
1.3970000000e+02  1.9998875959e+02
1.3980000000e+02  2.0011151704e+02
1.3990000000e+02  2.0023149052e+02
1.4000000000e+02  2.0035418018e+02
1.4010000000e+02  2.0047734101e+02
1.4020000000e+02  2.0059931823e+02
1.4030000000e+02  2.0071912229e+02
1.4040000000e+02  2.0083974875e+02
1.4050000000e+02  2.0095959586e+02
1.4060000000e+02  2.0108151893e+02
1.4070000000e+02  2.0120517165e+02
1.4080000000e+02  2.0132726403e+02
1.4090000000e+02  2.0144658838e+02
1.4100000000e+02  2.0157053704e+02
1.4110000000e+02  2.0169443082e+02
1.4120000000e+02  2.0181614603e+02
1.4130000000e+02  2.0194178538e+02
1.4140000000e+02  2.0206547779e+02
1.4150000000e+02  2.0218700284e+02
1.4160000000e+02  2.0231005457e+02
1.4170000000e+02  2.0243197426e+02
1.4180000000e+02  2.0255224550e+02
1.4190000000e+02  2.0267461736e+02
1.4200000000e+02  2.0279916010e+02
1.4210000000e+02  2.0292316773e+02
1.4220000000e+02  2.0304746379e+02
1.4230000000e+02  2.0317031273e+02
1.4240000000e+02  2.0329400540e+02
1.4250000000e+02  2.0341889989e+02
1.4260000000e+02  2.0354075621e+02
1.4270000000e+02  2.0366316836e+02
1.4280000000e+02  2.0378435902e+02
1.4290000000e+02  2.0390713126e+02
1.4300000000e+02  2.0402862633e+02
1.4310000000e+02  2.0415396402e+02
1.4320000000e+02  2.0427752239e+02
1.4330000000e+02  2.0439890631e+02
1.4340000000e+02  2.0452269963e+02
1.4350000000e+02  2.0464552930e+02
1.4360000000e+02  2.0476866608e+02
1.4370000000e+02  2.0488995076e+02
1.4380000000e+02  2.0501097964e+02
1.4390000000e+02  2.0513050803e+02
1.4400000000e+02  2.0525360712e+02
1.4410000000e+02  2.0537350413e+02
1.4420000000e+02  2.0549219516e+02
1.4430000000e+02  2.0561706143e+02
1.4440000000e+02  2.0573875743e+02
1.4450000000e+02  2.0586105987e+02
1.4460000000e+02  2.0598576555e+02
1.4470000000e+02  2.0610758260e+02
1.4480000000e+02  2.0622826768e+02
1.4490000000e+02  2.0635025075e+02
1.4500000000e+02  2.0647213809e+02
1.4510000000e+02  2.0659712478e+02
1.4520000000e+02  2.0672181777e+02
1.4530000000e+02  2.0684387209e+02
1.4540000000e+02  2.0696980204e+02
1.4550000000e+02  2.0709153694e+02
1.4560000000e+02  2.0721640801e+02
1.4570000000e+02  2.0734045463e+02
1.4580000000e+02  2.0746551487e+02
1.4590000000e+02  2.0758808703e+02
1.4600000000e+02  2.0771350944e+02
1.4610000000e+02  2.0783668852e+02
1.4620000000e+02  2.0796066518e+02
1.4630000000e+02  2.0808106139e+02
1.4640000000e+02  2.0820481407e+02
1.4650000000e+02  2.0833130646e+02
1.4660000000e+02  2.0845378316e+02
1.4670000000e+02  2.0857964567e+02
1.4680000000e+02  2.0870633287e+02
1.4690000000e+02  2.0883108108e+02
1.4700000000e+02  2.0895552892e+02
1.4710000000e+02  2.0908337513e+02
1.4720000000e+02  2.0921213057e+02
1.4730000000e+02  2.0934031447e+02
1.4740000000e+02  2.0946884125e+02
1.4750000000e+02  2.0959909884e+02
1.4760000000e+02  2.0972827481e+02
1.4770000000e+02  2.0985777564e+02
1.4780000000e+02  2.0998529505e+02
1.4790000000e+02  2.1011681937e+02
1.4800000000e+02  2.1024637640e+02
1.4810000000e+02  2.1037737939e+02
1.4820000000e+02  2.1050671943e+02
1.4830000000e+02  2.1063673933e+02
1.4840000000e+02  2.1076555423e+02
1.4850000000e+02  2.1089318920e+02
1.4860000000e+02  2.1102158326e+02
1.4870000000e+02  2.1115331714e+02
1.4880000000e+02  2.1128132479e+02
1.4890000000e+02  2.1141027895e+02
1.4900000000e+02  2.1153537938e+02
1.4910000000e+02  2.1166689702e+02
1.4920000000e+02  2.1179665923e+02
1.4930000000e+02  2.1192519673e+02
1.4940000000e+02  2.1205506195e+02
1.4950000000e+02  2.1218535529e+02
1.4960000000e+02  2.1231209555e+02
1.4970000000e+02  2.1244055341e+02
1.4980000000e+02  2.1256846024e+02
1.4990000000e+02  2.1269660671e+02
1.5000000000e+02  2.1282444373e+02
1.5010000000e+02  2.1295033609e+02
1.5020000000e+02  2.1307677691e+02
1.5030000000e+02  2.1320716054e+02
1.5040000000e+02  2.1333655467e+02
1.5050000000e+02  2.1346304800e+02
1.5060000000e+02  2.1358912627e+02
1.5070000000e+02  2.1371845077e+02
1.5080000000e+02  2.1385085934e+02
1.5090000000e+02  2.1398047581e+02
1.5100000000e+02  2.1410836346e+02
1.5110000000e+02  2.1423695487e+02
1.5120000000e+02  2.1436259396e+02
1.5130000000e+02  2.1449168335e+02
1.5140000000e+02  2.1461571198e+02
1.5150000000e+02  2.1473830993e+02
1.5160000000e+02  2.1486122085e+02
1.5170000000e+02  2.1498798860e+02
1.5180000000e+02  2.1511423240e+02
1.5190000000e+02  2.1524018890e+02
1.5200000000e+02  2.1536733239e+02
1.5210000000e+02  2.1549378803e+02
1.5220000000e+02  2.1562028154e+02
1.5230000000e+02  2.1574199353e+02
1.5240000000e+02  2.1586757265e+02
1.5250000000e+02  2.1599311249e+02
1.5260000000e+02  2.1611662673e+02
1.5270000000e+02  2.1624183297e+02
1.5280000000e+02  2.1636526409e+02
1.5290000000e+02  2.1649305290e+02
1.5300000000e+02  2.1662057843e+02
1.5310000000e+02  2.1674979187e+02
1.5320000000e+02  2.1687705131e+02
1.5330000000e+02  2.1700589316e+02
1.5340000000e+02  2.1713261610e+02
1.5350000000e+02  2.1725828646e+02
1.5360000000e+02  2.1738426315e+02
1.5370000000e+02  2.1750740689e+02
1.5380000000e+02  2.1763189035e+02
1.5390000000e+02  2.1775687241e+02
1.5400000000e+02  2.1788025103e+02
1.5410000000e+02  2.1800752841e+02
1.5420000000e+02  2.1813284627e+02
1.5430000000e+02  2.1825819486e+02
1.5440000000e+02  2.1838224644e+02
1.5450000000e+02  2.1850801012e+02
1.5460000000e+02  2.1863385762e+02
1.5470000000e+02  2.1876238588e+02
1.5480000000e+02  2.1888910346e+02
1.5490000000e+02  2.1901472495e+02
1.5500000000e+02  2.1914072624e+02
1.5510000000e+02  2.1926819597e+02
1.5520000000e+02  2.1939507674e+02
1.5530000000e+02  2.1952019487e+02
1.5540000000e+02  2.1965006004e+02
1.5550000000e+02  2.1977905691e+02
1.5560000000e+02  2.1990611889e+02
1.5570000000e+02  2.2003487131e+02
1.5580000000e+02  2.2016173104e+02
1.5590000000e+02  2.2029079810e+02
1.5600000000e+02  2.2041843972e+02
1.5610000000e+02  2.2054106576e+02
1.5620000000e+02  2.2066731321e+02
1.5630000000e+02  2.2079474548e+02
1.5640000000e+02  2.2092048079e+02
1.5650000000e+02  2.2104471810e+02
1.5660000000e+02  2.2117088531e+02
1.5670000000e+02  2.2129457416e+02
1.5680000000e+02  2.2142012811e+02
1.5690000000e+02  2.2154633850e+02
1.5700000000e+02  2.2166881519e+02
1.5710000000e+02  2.2179374958e+02
1.5720000000e+02  2.2191716914e+02
1.5730000000e+02  2.2204500226e+02
1.5740000000e+02  2.2216996425e+02
1.5750000000e+02  2.2229688839e+02
1.5760000000e+02  2.2242177031e+02
1.5770000000e+02  2.2255260638e+02
1.5780000000e+02  2.2268205384e+02
1.5790000000e+02  2.2280715809e+02
1.5800000000e+02  2.2293271126e+02
1.5810000000e+02  2.2305979809e+02
1.5820000000e+02  2.2319010455e+02
1.5830000000e+02  2.2331413465e+02
1.5840000000e+02  2.2343857050e+02
1.5850000000e+02  2.2356243719e+02
1.5860000000e+02  2.2369043110e+02
1.5870000000e+02  2.2381512642e+02
1.5880000000e+02  2.2393874443e+02
1.5890000000e+02  2.2406218103e+02
1.5900000000e+02  2.2418833159e+02
1.5910000000e+02  2.2431580974e+02
1.5920000000e+02  2.2444263852e+02
1.5930000000e+02  2.2456431476e+02
1.5940000000e+02  2.2469118562e+02
1.5950000000e+02  2.2481635600e+02
1.5960000000e+02  2.2494333606e+02
1.5970000000e+02  2.2506773574e+02
1.5980000000e+02  2.2519336865e+02
1.5990000000e+02  2.2532024076e+02
1.6000000000e+02  2.2544726221e+02
1.6010000000e+02  2.2557479899e+02
1.6020000000e+02  2.2570134168e+02
1.6030000000e+02  2.2582676571e+02
1.6040000000e+02  2.2595494776e+02
1.6050000000e+02  2.2608202112e+02
1.6060000000e+02  2.2621215236e+02
1.6070000000e+02  2.2634159418e+02
1.6080000000e+02  2.2646925895e+02
1.6090000000e+02  2.2659948371e+02
1.6100000000e+02  2.2672565336e+02
1.6110000000e+02  2.2685427647e+02
1.6120000000e+02  2.2698315168e+02
1.6130000000e+02  2.2711094042e+02
1.6140000000e+02  2.2723676148e+02
1.6150000000e+02  2.2736774666e+02
1.6160000000e+02  2.2749174707e+02
1.6170000000e+02  2.2761882344e+02
1.6180000000e+02  2.2774103801e+02
1.6190000000e+02  2.2787241893e+02
1.6200000000e+02  2.2800185492e+02
1.6210000000e+02  2.2812471625e+02
1.6220000000e+02  2.2825215858e+02
1.6230000000e+02  2.2838095535e+02
1.6240000000e+02  2.2851106943e+02
1.6250000000e+02  2.2863626281e+02
1.6260000000e+02  2.2876463087e+02
1.6270000000e+02  2.2889104603e+02
1.6280000000e+02  2.2901577641e+02
1.6290000000e+02  2.2914079591e+02
1.6300000000e+02  2.2926597111e+02
1.6310000000e+02  2.2939319546e+02
1.6320000000e+02  2.2951828653e+02
1.6330000000e+02  2.2964661075e+02
1.6340000000e+02  2.2977012058e+02
1.6350000000e+02  2.2989372937e+02
1.6360000000e+02  2.3001799976e+02
1.6370000000e+02  2.3013934024e+02
1.6380000000e+02  2.3026369453e+02
1.6390000000e+02  2.3039091905e+02
1.6400000000e+02  2.3051788680e+02
1.6410000000e+02  2.3064385580e+02
1.6420000000e+02  2.3076743978e+02
1.6430000000e+02  2.3089203295e+02
1.6440000000e+02  2.3101569338e+02
1.6450000000e+02  2.3114347843e+02
1.6460000000e+02  2.3127084524e+02
1.6470000000e+02  2.3139663016e+02
1.6480000000e+02  2.3151939057e+02
1.6490000000e+02  2.3164537386e+02
1.6500000000e+02  2.3177049957e+02
1.6510000000e+02  2.3189449744e+02
1.6520000000e+02  2.3202258783e+02
1.6530000000e+02  2.3214666581e+02
1.6540000000e+02  2.3227349580e+02
1.6550000000e+02  2.3239884256e+02
1.6560000000e+02  2.3252312417e+02
1.6570000000e+02  2.3264487404e+02
1.6580000000e+02  2.3277050235e+02
1.6590000000e+02  2.3289389166e+02
1.6600000000e+02  2.3301915706e+02
1.6610000000e+02  2.3314037966e+02
1.6620000000e+02  2.3326080857e+02
1.6630000000e+02  2.3338048865e+02
1.6640000000e+02  2.3350140190e+02
1.6650000000e+02  2.3362351129e+02
1.6660000000e+02  2.3374325606e+02
1.6670000000e+02  2.3386415822e+02
1.6680000000e+02  2.3398326525e+02
1.6690000000e+02  2.3410090441e+02
1.6700000000e+02  2.3422111300e+02
1.6710000000e+02  2.3434143968e+02
1.6720000000e+02  2.3446195763e+02
1.6730000000e+02  2.3458757766e+02
1.6740000000e+02  2.3470619500e+02
1.6750000000e+02  2.3482836210e+02
1.6760000000e+02  2.3494674377e+02
1.6770000000e+02  2.3506727561e+02
1.6780000000e+02  2.3519031562e+02
1.6790000000e+02  2.3530870102e+02
1.6800000000e+02  2.3543195068e+02
1.6810000000e+02  2.3555733288e+02
1.6820000000e+02  2.3567827606e+02
1.6830000000e+02  2.3580190958e+02
1.6840000000e+02  2.3592418913e+02
1.6850000000e+02  2.3604704216e+02
1.6860000000e+02  2.3617085231e+02
1.6870000000e+02  2.3629588739e+02
1.6880000000e+02  2.3641952318e+02
1.6890000000e+02  2.3654563940e+02
1.6900000000e+02  2.3666837255e+02
1.6910000000e+02  2.3679304722e+02
1.6920000000e+02  2.3691788726e+02
1.6930000000e+02  2.3704186975e+02
1.6940000000e+02  2.3716358460e+02
1.6950000000e+02  2.3729050992e+02
1.6960000000e+02  2.3741676353e+02
1.6970000000e+02  2.3754094896e+02
1.6980000000e+02  2.3766577744e+02
1.6990000000e+02  2.3779527149e+02
1.7000000000e+02  2.3791868542e+02
1.7010000000e+02  2.3804587068e+02
1.7020000000e+02  2.3816902797e+02
1.7030000000e+02  2.3829542407e+02
1.7040000000e+02  2.3842055289e+02
1.7050000000e+02  2.3854630850e+02
1.7060000000e+02  2.3866956553e+02
1.7070000000e+02  2.3878812961e+02
1.7080000000e+02  2.3891273720e+02
1.7090000000e+02  2.3903330305e+02
1.7100000000e+02  2.3915543525e+02
1.7110000000e+02  2.3927910771e+02
1.7120000000e+02  2.3940352469e+02
1.7130000000e+02  2.3952711737e+02
1.7140000000e+02  2.3965261152e+02
1.7150000000e+02  2.3977687758e+02
1.7160000000e+02  2.3990150640e+02
1.7170000000e+02  2.4002357450e+02
1.7180000000e+02  2.4014844622e+02
1.7190000000e+02  2.4027005128e+02
1.7200000000e+02  2.4039357888e+02
1.7210000000e+02  2.4051339446e+02
1.7220000000e+02  2.4063574356e+02
1.7230000000e+02  2.4076077951e+02
1.7240000000e+02  2.4088429275e+02
1.7250000000e+02  2.4100824431e+02
1.7260000000e+02  2.4112654753e+02
1.7270000000e+02  2.4125246314e+02
1.7280000000e+02  2.4137114734e+02
1.7290000000e+02  2.4149241563e+02
1.7300000000e+02  2.4162003205e+02
1.7310000000e+02  2.4174294313e+02
1.7320000000e+02  2.4186672888e+02
1.7330000000e+02  2.4198613213e+02
1.7340000000e+02  2.4210599794e+02
1.7350000000e+02  2.4222294236e+02
1.7360000000e+02  2.4233961100e+02
1.7370000000e+02  2.4246135842e+02
1.7380000000e+02  2.4258324009e+02
1.7390000000e+02  2.4270277330e+02
1.7400000000e+02  2.4281987908e+02
1.7410000000e+02  2.4293890144e+02
1.7420000000e+02  2.4305601184e+02
1.7430000000e+02  2.4317703379e+02
1.7440000000e+02  2.4329766885e+02
1.7450000000e+02  2.4341809609e+02
1.7460000000e+02  2.4353860306e+02
1.7470000000e+02  2.4365702289e+02
1.7480000000e+02  2.4377595648e+02
1.7490000000e+02  2.4389550942e+02
1.7500000000e+02  2.4401586817e+02
1.7510000000e+02  2.4413683995e+02
1.7520000000e+02  2.4425500635e+02
1.7530000000e+02  2.4437625382e+02
1.7540000000e+02  2.4449464336e+02
1.7550000000e+02  2.4461594318e+02
1.7560000000e+02  2.4473518444e+02
1.7570000000e+02  2.4485168549e+02
1.7580000000e+02  2.4496955142e+02
1.7590000000e+02  2.4508828002e+02
1.7600000000e+02  2.4520775317e+02
1.7610000000e+02  2.4532347803e+02
1.7620000000e+02  2.4544321505e+02
1.7630000000e+02  2.4556012377e+02
1.7640000000e+02  2.4567760284e+02
1.7650000000e+02  2.4579550206e+02
1.7660000000e+02  2.4591349100e+02
1.7670000000e+02  2.4603048200e+02
1.7680000000e+02  2.4614701859e+02
1.7690000000e+02  2.4626282546e+02
1.7700000000e+02  2.4637704442e+02
1.7710000000e+02  2.4649461623e+02
1.7720000000e+02  2.4661422582e+02
1.7730000000e+02  2.4673303392e+02
1.7740000000e+02  2.4685079981e+02
1.7750000000e+02  2.4696719464e+02
1.7760000000e+02  2.4708338714e+02
1.7770000000e+02  2.4720010011e+02
1.7780000000e+02  2.4731692558e+02
1.7790000000e+02  2.4743605587e+02
1.7800000000e+02  2.4755270876e+02
1.7810000000e+02  2.4766874529e+02
1.7820000000e+02  2.4778570107e+02
1.7830000000e+02  2.4790720087e+02
1.7840000000e+02  2.4802928547e+02
1.7850000000e+02  2.4815068725e+02
1.7860000000e+02  2.4826898458e+02
1.7870000000e+02  2.4838833795e+02
1.7880000000e+02  2.4850821438e+02
1.7890000000e+02  2.4862751384e+02
1.7900000000e+02  2.4874397306e+02
1.7910000000e+02  2.4886580367e+02
1.7920000000e+02  2.4898383471e+02
1.7930000000e+02  2.4910582122e+02
1.7940000000e+02  2.4922335510e+02
1.7950000000e+02  2.4933963800e+02
1.7960000000e+02  2.4946155312e+02
1.7970000000e+02  2.4958011830e+02
1.7980000000e+02  2.4970000902e+02
1.7990000000e+02  2.4982408570e+02
1.8000000000e+02  2.4994582595e+02
1.8010000000e+02  2.5006655216e+02
1.8020000000e+02  2.5019340525e+02
1.8030000000e+02  2.5031131706e+02
1.8040000000e+02  2.5043111408e+02
1.8050000000e+02  2.5055192536e+02
1.8060000000e+02  2.5067106112e+02
1.8070000000e+02  2.5079404066e+02
1.8080000000e+02  2.5091569514e+02
1.8090000000e+02  2.5103781285e+02
1.8100000000e+02  2.5116048381e+02
1.8110000000e+02  2.5128051548e+02
1.8120000000e+02  2.5140583731e+02
1.8130000000e+02  2.5152518569e+02
1.8140000000e+02  2.5164651210e+02
1.8150000000e+02  2.5176768873e+02
1.8160000000e+02  2.5188910138e+02
1.8170000000e+02  2.5201453986e+02
1.8180000000e+02  2.5213196079e+02
1.8190000000e+02  2.5225396054e+02
1.8200000000e+02  2.5237248882e+02
1.8210000000e+02  2.5249249221e+02
1.8220000000e+02  2.5261406287e+02
1.8230000000e+02  2.5273632173e+02
1.8240000000e+02  2.5285567349e+02
1.8250000000e+02  2.5297361141e+02
1.8260000000e+02  2.5309572273e+02
1.8270000000e+02  2.5321925788e+02
1.8280000000e+02  2.5333760988e+02
1.8290000000e+02  2.5345491690e+02
1.8300000000e+02  2.5357547458e+02
1.8310000000e+02  2.5369333094e+02
1.8320000000e+02  2.5381433730e+02
1.8330000000e+02  2.5393237527e+02
1.8340000000e+02  2.5405106969e+02
1.8350000000e+02  2.5417014614e+02
1.8360000000e+02  2.5429025842e+02
1.8370000000e+02  2.5441257908e+02
1.8380000000e+02  2.5453216290e+02
1.8390000000e+02  2.5465172575e+02
1.8400000000e+02  2.5477305061e+02
1.8410000000e+02  2.5489204194e+02
1.8420000000e+02  2.5501314929e+02
1.8430000000e+02  2.5513645087e+02
1.8440000000e+02  2.5525826259e+02
1.8450000000e+02  2.5538144719e+02
1.8460000000e+02  2.5550590304e+02
1.8470000000e+02  2.5562847895e+02
1.8480000000e+02  2.5575336709e+02
1.8490000000e+02  2.5586970609e+02
1.8500000000e+02  2.5599078334e+02
1.8510000000e+02  2.5611293529e+02
1.8520000000e+02  2.5623663422e+02
1.8530000000e+02  2.5636186549e+02
1.8540000000e+02  2.5648530430e+02
1.8550000000e+02  2.5661110884e+02
1.8560000000e+02  2.5673325942e+02
1.8570000000e+02  2.5685673757e+02
1.8580000000e+02  2.5698078394e+02
1.8590000000e+02  2.5710173711e+02
1.8600000000e+02  2.5722482794e+02
1.8610000000e+02  2.5735016716e+02
1.8620000000e+02  2.5746988607e+02
1.8630000000e+02  2.5759325932e+02
1.8640000000e+02  2.5771608538e+02
1.8650000000e+02  2.5783704081e+02
1.8660000000e+02  2.5795695558e+02
1.8670000000e+02  2.5807746562e+02
1.8680000000e+02  2.5820117959e+02
1.8690000000e+02  2.5832263012e+02
1.8700000000e+02  2.5844275787e+02
1.8710000000e+02  2.5856702281e+02
1.8720000000e+02  2.5869009444e+02
1.8730000000e+02  2.5881533155e+02
1.8740000000e+02  2.5893722198e+02
1.8750000000e+02  2.5905969459e+02
1.8760000000e+02  2.5918431619e+02
1.8770000000e+02  2.5930739194e+02
1.8780000000e+02  2.5943317605e+02
1.8790000000e+02  2.5955543317e+02
1.8800000000e+02  2.5967890067e+02
1.8810000000e+02  2.5980371374e+02
1.8820000000e+02  2.5992741058e+02
1.8830000000e+02  2.6004718292e+02
1.8840000000e+02  2.6017056470e+02
1.8850000000e+02  2.6029041129e+02
1.8860000000e+02  2.6041618214e+02
1.8870000000e+02  2.6053633438e+02
1.8880000000e+02  2.6066004565e+02
1.8890000000e+02  2.6078279304e+02
1.8900000000e+02  2.6090416405e+02
1.8910000000e+02  2.6102785980e+02
1.8920000000e+02  2.6115569308e+02
1.8930000000e+02  2.6127784043e+02
1.8940000000e+02  2.6140123164e+02
1.8950000000e+02  2.6152833931e+02
1.8960000000e+02  2.6165170479e+02
1.8970000000e+02  2.6177938665e+02
1.8980000000e+02  2.6190293187e+02
1.8990000000e+02  2.6202550063e+02
1.9000000000e+02  2.6215258245e+02
1.9010000000e+02  2.6228042260e+02
1.9020000000e+02  2.6240751577e+02
1.9030000000e+02  2.6253486951e+02
1.9040000000e+02  2.6266038142e+02
1.9050000000e+02  2.6278394745e+02
1.9060000000e+02  2.6290675484e+02
1.9070000000e+02  2.6303184080e+02
1.9080000000e+02  2.6315858219e+02
1.9090000000e+02  2.6328116409e+02
1.9100000000e+02  2.6340500331e+02
1.9110000000e+02  2.6353114987e+02
1.9120000000e+02  2.6365507041e+02
1.9130000000e+02  2.6377966458e+02
1.9140000000e+02  2.6390317057e+02
1.9150000000e+02  2.6402857338e+02
1.9160000000e+02  2.6415402450e+02
1.9170000000e+02  2.6427886153e+02
1.9180000000e+02  2.6440341934e+02
1.9190000000e+02  2.6452872501e+02
1.9200000000e+02  2.6465176264e+02
1.9210000000e+02  2.6477610211e+02
1.9220000000e+02  2.6489831579e+02
1.9230000000e+02  2.6502187383e+02
1.9240000000e+02  2.6514302538e+02
1.9250000000e+02  2.6526320395e+02
1.9260000000e+02  2.6538306695e+02
1.9270000000e+02  2.6550277240e+02
1.9280000000e+02  2.6562821887e+02
1.9290000000e+02  2.6574870314e+02
1.9300000000e+02  2.6587046379e+02
1.9310000000e+02  2.6599555161e+02
1.9320000000e+02  2.6611628416e+02
1.9330000000e+02  2.6623788226e+02
1.9340000000e+02  2.6636273719e+02
1.9350000000e+02  2.6648657005e+02
1.9360000000e+02  2.6660876848e+02
1.9370000000e+02  2.6673017145e+02
1.9380000000e+02  2.6685234875e+02
1.9390000000e+02  2.6697475533e+02
1.9400000000e+02  2.6709641580e+02
1.9410000000e+02  2.6721862738e+02
1.9420000000e+02  2.6733852302e+02
1.9430000000e+02  2.6745762415e+02
1.9440000000e+02  2.6757790459e+02
1.9450000000e+02  2.6770111086e+02
1.9460000000e+02  2.6782151792e+02
1.9470000000e+02  2.6793987163e+02
1.9480000000e+02  2.6806006451e+02
1.9490000000e+02  2.6818185430e+02
1.9500000000e+02  2.6830444623e+02
1.9510000000e+02  2.6842100930e+02
1.9520000000e+02  2.6854303448e+02
1.9530000000e+02  2.6866722101e+02
1.9540000000e+02  2.6878788692e+02
1.9550000000e+02  2.6890781813e+02
1.9560000000e+02  2.6902360407e+02
1.9570000000e+02  2.6914200343e+02
1.9580000000e+02  2.6926417236e+02
1.9590000000e+02  2.6938863879e+02
1.9600000000e+02  2.6950955551e+02
1.9610000000e+02  2.6963073497e+02
1.9620000000e+02  2.6975638901e+02
1.9630000000e+02  2.6988060516e+02
1.9640000000e+02  2.7000587283e+02
1.9650000000e+02  2.7012914019e+02
1.9660000000e+02  2.7025572147e+02
1.9670000000e+02  2.7037994024e+02
1.9680000000e+02  2.7050515630e+02
1.9690000000e+02  2.7063313485e+02
1.9700000000e+02  2.7075893984e+02
1.9710000000e+02  2.7088133049e+02
1.9720000000e+02  2.7100453716e+02
1.9730000000e+02  2.7112893005e+02
1.9740000000e+02  2.7125496552e+02
1.9750000000e+02  2.7137313364e+02
1.9760000000e+02  2.7149587941e+02
1.9770000000e+02  2.7162082987e+02
1.9780000000e+02  2.7174348867e+02
1.9790000000e+02  2.7186561353e+02
1.9800000000e+02  2.7198478058e+02
1.9810000000e+02  2.7210857041e+02
1.9820000000e+02  2.7223311223e+02
1.9830000000e+02  2.7235600428e+02
1.9840000000e+02  2.7247508333e+02
1.9850000000e+02  2.7259587456e+02
1.9860000000e+02  2.7272046420e+02
1.9870000000e+02  2.7284219125e+02
1.9880000000e+02  2.7296308365e+02
1.9890000000e+02  2.7308670607e+02
1.9900000000e+02  2.7320598420e+02
1.9910000000e+02  2.7332742178e+02
1.9920000000e+02  2.7345290431e+02
1.9930000000e+02  2.7357019534e+02
1.9940000000e+02  2.7369364788e+02
1.9950000000e+02  2.7381798724e+02
1.9960000000e+02  2.7393895048e+02
1.9970000000e+02  2.7406133664e+02
1.9980000000e+02  2.7418476422e+02
1.9990000000e+02  2.7430614896e+02
2.0000000000e+02  2.7442943130e+02
2.0010000000e+02  2.7454928612e+02
2.0020000000e+02  2.7467628474e+02
2.0030000000e+02  2.7479871164e+02
2.0040000000e+02  2.7492344253e+02
2.0050000000e+02  2.7504912492e+02
2.0060000000e+02  2.7517302455e+02
2.0070000000e+02  2.7529730321e+02
2.0080000000e+02  2.7541858322e+02
2.0090000000e+02  2.7553969217e+02
2.0100000000e+02  2.7566415680e+02
2.0110000000e+02  2.7578787058e+02
2.0120000000e+02  2.7590995478e+02
2.0130000000e+02  2.7603173777e+02
2.0140000000e+02  2.7615314981e+02
2.0150000000e+02  2.7627324080e+02
2.0160000000e+02  2.7639583612e+02
2.0170000000e+02  2.7651739660e+02
2.0180000000e+02  2.7663998611e+02
2.0190000000e+02  2.7675882198e+02
2.0200000000e+02  2.7688072527e+02
2.0210000000e+02  2.7700018401e+02
2.0220000000e+02  2.7712128533e+02
2.0230000000e+02  2.7724239219e+02
2.0240000000e+02  2.7736279284e+02
2.0250000000e+02  2.7748156351e+02
2.0260000000e+02  2.7759966130e+02
2.0270000000e+02  2.7772221485e+02
2.0280000000e+02  2.7784488935e+02
2.0290000000e+02  2.7796642340e+02
2.0300000000e+02  2.7808717848e+02
2.0310000000e+02  2.7821314109e+02
2.0320000000e+02  2.7833250121e+02
2.0330000000e+02  2.7845562776e+02
2.0340000000e+02  2.7857591112e+02
2.0350000000e+02  2.7869664220e+02
2.0360000000e+02  2.7881859334e+02
2.0370000000e+02  2.7894191553e+02
2.0380000000e+02  2.7906429666e+02
2.0390000000e+02  2.7918352681e+02
2.0400000000e+02  2.7930398992e+02
2.0410000000e+02  2.7942632976e+02
2.0420000000e+02  2.7954492171e+02
2.0430000000e+02  2.7966523997e+02
2.0440000000e+02  2.7978445146e+02
2.0450000000e+02  2.7990846561e+02
2.0460000000e+02  2.8002892716e+02
2.0470000000e+02  2.8015076352e+02
2.0480000000e+02  2.8027454975e+02
2.0490000000e+02  2.8039833351e+02
2.0500000000e+02  2.8051925122e+02
2.0510000000e+02  2.8064283336e+02
2.0520000000e+02  2.8076593741e+02
2.0530000000e+02  2.8088748069e+02
2.0540000000e+02  2.8101020457e+02
2.0550000000e+02  2.8113468611e+02
2.0560000000e+02  2.8126159128e+02
2.0570000000e+02  2.8138757463e+02
2.0580000000e+02  2.8150801795e+02
2.0590000000e+02  2.8163327865e+02
2.0600000000e+02  2.8175660679e+02
2.0610000000e+02  2.8188085329e+02
2.0620000000e+02  2.8200516588e+02
2.0630000000e+02  2.8212542428e+02
2.0640000000e+02  2.8225031762e+02
2.0650000000e+02  2.8237277834e+02
2.0660000000e+02  2.8249547769e+02
2.0670000000e+02  2.8261742752e+02
2.0680000000e+02  2.8274507440e+02
2.0690000000e+02  2.8287055256e+02
2.0700000000e+02  2.8299310953e+02
2.0710000000e+02  2.8311834539e+02
2.0720000000e+02  2.8324014423e+02
2.0730000000e+02  2.8336393316e+02
2.0740000000e+02  2.8348849715e+02
2.0750000000e+02  2.8360914574e+02
2.0760000000e+02  2.8373598519e+02
2.0770000000e+02  2.8386147691e+02
2.0780000000e+02  2.8398687804e+02
2.0790000000e+02  2.8411183692e+02
2.0800000000e+02  2.8423888449e+02
2.0810000000e+02  2.8436383690e+02
2.0820000000e+02  2.8448861319e+02
2.0830000000e+02  2.8460716967e+02
2.0840000000e+02  2.8473208271e+02
2.0850000000e+02  2.8485611600e+02
2.0860000000e+02  2.8497952945e+02
2.0870000000e+02  2.8510247106e+02
2.0880000000e+02  2.8522382476e+02
2.0890000000e+02  2.8534850867e+02
2.0900000000e+02  2.8546984357e+02
2.0910000000e+02  2.8559115918e+02
2.0920000000e+02  2.8571673455e+02
2.0930000000e+02  2.8583488439e+02
2.0940000000e+02  2.8595647381e+02
2.0950000000e+02  2.8608139474e+02
2.0960000000e+02  2.8620741618e+02
2.0970000000e+02  2.8632809886e+02
2.0980000000e+02  2.8644872417e+02
2.0990000000e+02  2.8657388930e+02
2.1000000000e+02  2.8669667474e+02
2.1010000000e+02  2.8681581023e+02
2.1020000000e+02  2.8693680698e+02
2.1030000000e+02  2.8705929353e+02
2.1040000000e+02  2.8718225350e+02
2.1050000000e+02  2.8730739275e+02
2.1060000000e+02  2.8743131580e+02
2.1070000000e+02  2.8755116133e+02
2.1080000000e+02  2.8767096457e+02
2.1090000000e+02  2.8779389835e+02
2.1100000000e+02  2.8791747898e+02
2.1110000000e+02  2.8803885518e+02
2.1120000000e+02  2.8816535286e+02
2.1130000000e+02  2.8828895821e+02
2.1140000000e+02  2.8841476014e+02
2.1150000000e+02  2.8853765002e+02
2.1160000000e+02  2.8866003549e+02
2.1170000000e+02  2.8877952928e+02
2.1180000000e+02  2.8890297231e+02
2.1190000000e+02  2.8902974197e+02
2.1200000000e+02  2.8915618983e+02
2.1210000000e+02  2.8928323603e+02
2.1220000000e+02  2.8940912858e+02
2.1230000000e+02  2.8953399661e+02
2.1240000000e+02  2.8965973356e+02
2.1250000000e+02  2.8978044742e+02
2.1260000000e+02  2.8990517430e+02
2.1270000000e+02  2.9003184831e+02
2.1280000000e+02  2.9015257276e+02
2.1290000000e+02  2.9028033670e+02
2.1300000000e+02  2.9040686711e+02
2.1310000000e+02  2.9053108546e+02
2.1320000000e+02  2.9065772354e+02
2.1330000000e+02  2.9078162495e+02
2.1340000000e+02  2.9090547403e+02
2.1350000000e+02  2.9102879060e+02
2.1360000000e+02  2.9115306081e+02
2.1370000000e+02  2.9127635638e+02
2.1380000000e+02  2.9140169096e+02
2.1390000000e+02  2.9152333665e+02
2.1400000000e+02  2.9165035393e+02
2.1410000000e+02  2.9177385226e+02
2.1420000000e+02  2.9189680833e+02
2.1430000000e+02  2.9201731348e+02
2.1440000000e+02  2.9213915026e+02
2.1450000000e+02  2.9226422659e+02
2.1460000000e+02  2.9238874719e+02
2.1470000000e+02  2.9251645627e+02
2.1480000000e+02  2.9264099877e+02
2.1490000000e+02  2.9276659230e+02
2.1500000000e+02  2.9289013487e+02
2.1510000000e+02  2.9301390739e+02
2.1520000000e+02  2.9314068942e+02
2.1530000000e+02  2.9326704871e+02
2.1540000000e+02  2.9339121362e+02
2.1550000000e+02  2.9351773098e+02
2.1560000000e+02  2.9364406763e+02
2.1570000000e+02  2.9377108911e+02
2.1580000000e+02  2.9389497998e+02
2.1590000000e+02  2.9402119475e+02
2.1600000000e+02  2.9414670879e+02
2.1610000000e+02  2.9427300733e+02
2.1620000000e+02  2.9439706960e+02
2.1630000000e+02  2.9452339438e+02
2.1640000000e+02  2.9464797741e+02
2.1650000000e+02  2.9477243449e+02
2.1660000000e+02  2.9489404997e+02
2.1670000000e+02  2.9501581452e+02
2.1680000000e+02  2.9514325774e+02
2.1690000000e+02  2.9526554980e+02
2.1700000000e+02  2.9538732739e+02
2.1710000000e+02  2.9550790341e+02
2.1720000000e+02  2.9562997850e+02
2.1730000000e+02  2.9575385821e+02
2.1740000000e+02  2.9587786208e+02
2.1750000000e+02  2.9600148789e+02
2.1760000000e+02  2.9612643654e+02
2.1770000000e+02  2.9625292217e+02
2.1780000000e+02  2.9637669429e+02
2.1790000000e+02  2.9650235564e+02
2.1800000000e+02  2.9662567806e+02
2.1810000000e+02  2.9674790512e+02
2.1820000000e+02  2.9687455117e+02
2.1830000000e+02  2.9699834838e+02
2.1840000000e+02  2.9712820705e+02
2.1850000000e+02  2.9725375194e+02
2.1860000000e+02  2.9737938254e+02
2.1870000000e+02  2.9750531598e+02
2.1880000000e+02  2.9763167219e+02
2.1890000000e+02  2.9775572325e+02
2.1900000000e+02  2.9787971516e+02
2.1910000000e+02  2.9800503568e+02
2.1920000000e+02  2.9813121383e+02
2.1930000000e+02  2.9825811275e+02
2.1940000000e+02  2.9838239853e+02
2.1950000000e+02  2.9851029801e+02
2.1960000000e+02  2.9863871508e+02
2.1970000000e+02  2.9876663734e+02
2.1980000000e+02  2.9889440314e+02
2.1990000000e+02  2.9902404576e+02
2.2000000000e+02  2.9914939490e+02
2.2010000000e+02  2.9927357991e+02
2.2020000000e+02  2.9939886624e+02
2.2030000000e+02  2.9952225785e+02
2.2040000000e+02  2.9964550607e+02
2.2050000000e+02  2.9976610603e+02
2.2060000000e+02  2.9988655203e+02
2.2070000000e+02  3.0000676464e+02
2.2080000000e+02  3.0013004086e+02
2.2090000000e+02  3.0025419727e+02
2.2100000000e+02  3.0037736724e+02
2.2110000000e+02  3.0050221886e+02
2.2120000000e+02  3.0062300193e+02
2.2130000000e+02  3.0074814420e+02
2.2140000000e+02  3.0087043694e+02
2.2150000000e+02  3.0099412834e+02
2.2160000000e+02  3.0112002369e+02
2.2170000000e+02  3.0124549780e+02
2.2180000000e+02  3.0136613039e+02
2.2190000000e+02  3.0148837855e+02
2.2200000000e+02  3.0161166713e+02
2.2210000000e+02  3.0173365593e+02
2.2220000000e+02  3.0185736787e+02
2.2230000000e+02  3.0197936639e+02
2.2240000000e+02  3.0209984447e+02
2.2250000000e+02  3.0222122650e+02
2.2260000000e+02  3.0234457148e+02
2.2270000000e+02  3.0246544732e+02
2.2280000000e+02  3.0258782540e+02
2.2290000000e+02  3.0271020025e+02
2.2300000000e+02  3.0283011518e+02
2.2310000000e+02  3.0295231843e+02
2.2320000000e+02  3.0307258825e+02
2.2330000000e+02  3.0319231941e+02
2.2340000000e+02  3.0331280841e+02
2.2350000000e+02  3.0343416530e+02
2.2360000000e+02  3.0355285139e+02
2.2370000000e+02  3.0366933599e+02
2.2380000000e+02  3.0378785120e+02
2.2390000000e+02  3.0390559332e+02
2.2400000000e+02  3.0402377012e+02
2.2410000000e+02  3.0414100857e+02
2.2420000000e+02  3.0426155739e+02
2.2430000000e+02  3.0438069916e+02
2.2440000000e+02  3.0449935943e+02
2.2450000000e+02  3.0461780562e+02
2.2460000000e+02  3.0473925617e+02
2.2470000000e+02  3.0485976237e+02
2.2480000000e+02  3.0497904643e+02
2.2490000000e+02  3.0509692246e+02
2.2500000000e+02  3.0521577780e+02
2.2510000000e+02  3.0533254751e+02
2.2520000000e+02  3.0545307220e+02
2.2530000000e+02  3.0557166010e+02
2.2540000000e+02  3.0569249295e+02
2.2550000000e+02  3.0581416548e+02
2.2560000000e+02  3.0593026752e+02
2.2570000000e+02  3.0604832584e+02
2.2580000000e+02  3.0616643682e+02
2.2590000000e+02  3.0628349594e+02
2.2600000000e+02  3.0640110716e+02
2.2610000000e+02  3.0651737091e+02
2.2620000000e+02  3.0663615960e+02
2.2630000000e+02  3.0675418575e+02
2.2640000000e+02  3.0687291620e+02
2.2650000000e+02  3.0699097037e+02
2.2660000000e+02  3.0710545730e+02
2.2670000000e+02  3.0722650446e+02
2.2680000000e+02  3.0734803991e+02
2.2690000000e+02  3.0746533437e+02
2.2700000000e+02  3.0758236354e+02
2.2710000000e+02  3.0770189041e+02
2.2720000000e+02  3.0781957555e+02
2.2730000000e+02  3.0793531524e+02
2.2740000000e+02  3.0805307283e+02
2.2750000000e+02  3.0817105421e+02
2.2760000000e+02  3.0828919852e+02
2.2770000000e+02  3.0840632087e+02
2.2780000000e+02  3.0852034799e+02
2.2790000000e+02  3.0863753853e+02
2.2800000000e+02  3.0875423325e+02
2.2810000000e+02  3.0887382246e+02
2.2820000000e+02  3.0899368206e+02
2.2830000000e+02  3.0910786859e+02
2.2840000000e+02  3.0922340039e+02
2.2850000000e+02  3.0934027382e+02
2.2860000000e+02  3.0945839000e+02
2.2870000000e+02  3.0957495106e+02
2.2880000000e+02  3.0969205248e+02
2.2890000000e+02  3.0980549539e+02
2.2900000000e+02  3.0991973529e+02
2.2910000000e+02  3.1003679622e+02
2.2920000000e+02  3.1015484331e+02
2.2930000000e+02  3.1026997754e+02
2.2940000000e+02  3.1038885703e+02
2.2950000000e+02  3.1050475653e+02
2.2960000000e+02  3.1061856483e+02
2.2970000000e+02  3.1073501570e+02
2.2980000000e+02  3.1084999505e+02
2.2990000000e+02  3.1096569348e+02
2.3000000000e+02  3.1108528175e+02
2.3010000000e+02  3.1119806209e+02
2.3020000000e+02  3.1131321937e+02
2.3030000000e+02  3.1142545100e+02
2.3040000000e+02  3.1154052101e+02
2.3050000000e+02  3.1165704246e+02
2.3060000000e+02  3.1177104124e+02
2.3070000000e+02  3.1188217723e+02
2.3080000000e+02  3.1199348125e+02
2.3090000000e+02  3.1210932463e+02
2.3100000000e+02  3.1222569351e+02
2.3110000000e+02  3.1233919987e+02
2.3120000000e+02  3.1245622972e+02
2.3130000000e+02  3.1257081905e+02
2.3140000000e+02  3.1268366395e+02
2.3150000000e+02  3.1280003639e+02
2.3160000000e+02  3.1291766292e+02
2.3170000000e+02  3.1303635965e+02
2.3180000000e+02  3.1315277798e+02
2.3190000000e+02  3.1327260535e+02
2.3200000000e+02  3.1338710348e+02
2.3210000000e+02  3.1350198945e+02
2.3220000000e+02  3.1361726423e+02
2.3230000000e+02  3.1373556449e+02
2.3240000000e+02  3.1385663352e+02
2.3250000000e+02  3.1397486288e+02
2.3260000000e+02  3.1409548480e+02
2.3270000000e+02  3.1421266648e+02
2.3280000000e+02  3.1433121854e+02
2.3290000000e+02  3.1444990002e+02
2.3300000000e+02  3.1456397683e+02
2.3310000000e+02  3.1468618605e+02
2.3320000000e+02  3.1480426097e+02
2.3330000000e+02  3.1491785063e+02
2.3340000000e+02  3.1503819845e+02
2.3350000000e+02  3.1515691343e+02
2.3360000000e+02  3.1527190746e+02
2.3370000000e+02  3.1538549741e+02
2.3380000000e+02  3.1550187019e+02
2.3390000000e+02  3.1561747997e+02
2.3400000000e+02  3.1573404068e+02
2.3410000000e+02  3.1584824849e+02
2.3420000000e+02  3.1596513083e+02
2.3430000000e+02  3.1607889134e+02
2.3440000000e+02  3.1618971574e+02
2.3450000000e+02  3.1630819254e+02
2.3460000000e+02  3.1642177026e+02
2.3470000000e+02  3.1653947955e+02
2.3480000000e+02  3.1666337740e+02
2.3490000000e+02  3.1677646015e+02
2.3500000000e+02  3.1688982160e+02
2.3510000000e+02  3.1700103135e+02
2.3520000000e+02  3.1711770102e+02
2.3530000000e+02  3.1723576097e+02
2.3540000000e+02  3.1735665455e+02
2.3550000000e+02  3.1747735510e+02
2.3560000000e+02  3.1759252804e+02
2.3570000000e+02  3.1770788973e+02
2.3580000000e+02  3.1782353172e+02
2.3590000000e+02  3.1793756919e+02
2.3600000000e+02  3.1805249575e+02
2.3610000000e+02  3.1816937934e+02
2.3620000000e+02  3.1828596891e+02
2.3630000000e+02  3.1840197731e+02
2.3640000000e+02  3.1851894938e+02
2.3650000000e+02  3.1863692863e+02
2.3660000000e+02  3.1875800005e+02
2.3670000000e+02  3.1887438782e+02
2.3680000000e+02  3.1899587277e+02
2.3690000000e+02  3.1911176906e+02
2.3700000000e+02  3.1922756303e+02
2.3710000000e+02  3.1934426209e+02
2.3720000000e+02  3.1946110061e+02
2.3730000000e+02  3.1958127476e+02
2.3740000000e+02  3.1970006711e+02
2.3750000000e+02  3.1981306684e+02
2.3760000000e+02  3.1993156132e+02
2.3770000000e+02  3.2004978998e+02
2.3780000000e+02  3.2016732482e+02
2.3790000000e+02  3.2028445415e+02
2.3800000000e+02  3.2040271172e+02
2.3810000000e+02  3.2051824470e+02
2.3820000000e+02  3.2063324909e+02
2.3830000000e+02  3.2074897009e+02
2.3840000000e+02  3.2086416205e+02
2.3850000000e+02  3.2097934443e+02
2.3860000000e+02  3.2109233174e+02
2.3870000000e+02  3.2120535763e+02
2.3880000000e+02  3.2132168999e+02
2.3890000000e+02  3.2143555914e+02
2.3900000000e+02  3.2155015446e+02
2.3910000000e+02  3.2167019259e+02
2.3920000000e+02  3.2178860387e+02
2.3930000000e+02  3.2190649242e+02
2.3940000000e+02  3.2202065834e+02
2.3950000000e+02  3.2213954159e+02
2.3960000000e+02  3.2225971630e+02
2.3970000000e+02  3.2237749646e+02
2.3980000000e+02  3.2249760312e+02
2.3990000000e+02  3.2261863905e+02
2.4000000000e+02  3.2273539662e+02
2.4010000000e+02  3.2285386586e+02
2.4020000000e+02  3.2297002690e+02
2.4030000000e+02  3.2308721147e+02
2.4040000000e+02  3.2320432903e+02
2.4050000000e+02  3.2332246189e+02
2.4060000000e+02  3.2343799437e+02
2.4070000000e+02  3.2355418966e+02
2.4080000000e+02  3.2367135164e+02
2.4090000000e+02  3.2378861996e+02
2.4100000000e+02  3.2390378912e+02
2.4110000000e+02  3.2402070627e+02
2.4120000000e+02  3.2413895048e+02
2.4130000000e+02  3.2425731572e+02
2.4140000000e+02  3.2437688834e+02
2.4150000000e+02  3.2449206297e+02
2.4160000000e+02  3.2460922247e+02
2.4170000000e+02  3.2472822889e+02
2.4180000000e+02  3.2484189993e+02
2.4190000000e+02  3.2495948794e+02
2.4200000000e+02  3.2507747589e+02
2.4210000000e+02  3.2519478145e+02
2.4220000000e+02  3.2531292974e+02
2.4230000000e+02  3.2542673638e+02
2.4240000000e+02  3.2554371294e+02
2.4250000000e+02  3.2566085731e+02
2.4260000000e+02  3.2577515974e+02
2.4270000000e+02  3.2589187034e+02
2.4280000000e+02  3.2600560901e+02
2.4290000000e+02  3.2612043439e+02
2.4300000000e+02  3.2623347824e+02
2.4310000000e+02  3.2634876938e+02
2.4320000000e+02  3.2646265900e+02
2.4330000000e+02  3.2657672040e+02
2.4340000000e+02  3.2668981003e+02
2.4350000000e+02  3.2680682845e+02
2.4360000000e+02  3.2692584461e+02
2.4370000000e+02  3.2703990534e+02
2.4380000000e+02  3.2715392965e+02
2.4390000000e+02  3.2726822264e+02
2.4400000000e+02  3.2738519573e+02
2.4410000000e+02  3.2750070770e+02
2.4420000000e+02  3.2761907146e+02
2.4430000000e+02  3.2773475583e+02
2.4440000000e+02  3.2785094906e+02
2.4450000000e+02  3.2796838790e+02
2.4460000000e+02  3.2808752061e+02
2.4470000000e+02  3.2820542102e+02
2.4480000000e+02  3.2832310224e+02
2.4490000000e+02  3.2843611196e+02
2.4500000000e+02  3.2855369979e+02
2.4510000000e+02  3.2866654741e+02
2.4520000000e+02  3.2878231815e+02
2.4530000000e+02  3.2889941723e+02
2.4540000000e+02  3.2901422017e+02
2.4550000000e+02  3.2912775241e+02
2.4560000000e+02  3.2924250188e+02
2.4570000000e+02  3.2935552133e+02
2.4580000000e+02  3.2947581666e+02
2.4590000000e+02  3.2959392887e+02
2.4600000000e+02  3.2971063361e+02
2.4610000000e+02  3.2983023752e+02
2.4620000000e+02  3.2994757097e+02
2.4630000000e+02  3.3006593098e+02
2.4640000000e+02  3.3018316473e+02
2.4650000000e+02  3.3030317781e+02
2.4660000000e+02  3.3042333313e+02
2.4670000000e+02  3.3054197471e+02
2.4680000000e+02  3.3066084222e+02
2.4690000000e+02  3.3078177043e+02
2.4700000000e+02  3.3090385957e+02
2.4710000000e+02  3.3102504996e+02
2.4720000000e+02  3.3114152865e+02
2.4730000000e+02  3.3126176512e+02
2.4740000000e+02  3.3138691043e+02
2.4750000000e+02  3.3150863571e+02
2.4760000000e+02  3.3162861224e+02
2.4770000000e+02  3.3174555758e+02
2.4780000000e+02  3.3186705631e+02
2.4790000000e+02  3.3198727330e+02
2.4800000000e+02  3.3210410136e+02
2.4810000000e+02  3.3222661490e+02
2.4820000000e+02  3.3234569415e+02
2.4830000000e+02  3.3246259511e+02
2.4840000000e+02  3.3258621640e+02
2.4850000000e+02  3.3270498266e+02
2.4860000000e+02  3.3282805246e+02
2.4870000000e+02  3.3294661972e+02
2.4880000000e+02  3.3307332396e+02
2.4890000000e+02  3.3319290769e+02
2.4900000000e+02  3.3331077567e+02
2.4910000000e+02  3.3342983988e+02
2.4920000000e+02  3.3354798765e+02
2.4930000000e+02  3.3366628260e+02
2.4940000000e+02  3.3378548590e+02
2.4950000000e+02  3.3389992279e+02
2.4960000000e+02  3.3402387303e+02
2.4970000000e+02  3.3414225432e+02
2.4980000000e+02  3.3425923038e+02
2.4990000000e+02  3.3437595036e+02
2.5000000000e+02  3.3449049944e+02
2.5010000000e+02  3.3460794189e+02
2.5020000000e+02  3.3472605098e+02
2.5030000000e+02  3.3484240629e+02
2.5040000000e+02  3.3495979782e+02
2.5050000000e+02  3.3507590570e+02
2.5060000000e+02  3.3519380429e+02
2.5070000000e+02  3.3530809664e+02
2.5080000000e+02  3.3543080997e+02
2.5090000000e+02  3.3554752830e+02
2.5100000000e+02  3.3566766715e+02
2.5110000000e+02  3.3578569776e+02
2.5120000000e+02  3.3590678001e+02
2.5130000000e+02  3.3602255574e+02
2.5140000000e+02  3.3613844626e+02
2.5150000000e+02  3.3625456016e+02
2.5160000000e+02  3.3637334703e+02
2.5170000000e+02  3.3648998413e+02
2.5180000000e+02  3.3660730125e+02
2.5190000000e+02  3.3672757725e+02
2.5200000000e+02  3.3684220914e+02
2.5210000000e+02  3.3695721929e+02
2.5220000000e+02  3.3707635884e+02
2.5230000000e+02  3.3719460264e+02
2.5240000000e+02  3.3731291648e+02
2.5250000000e+02  3.3743367343e+02
2.5260000000e+02  3.3755260857e+02
2.5270000000e+02  3.3767098481e+02
2.5280000000e+02  3.3778706390e+02
2.5290000000e+02  3.3790849453e+02
2.5300000000e+02  3.3802957262e+02
2.5310000000e+02  3.3814832582e+02
2.5320000000e+02  3.3826981357e+02
2.5330000000e+02  3.3838653245e+02
2.5340000000e+02  3.3850656543e+02
2.5350000000e+02  3.3862729257e+02
2.5360000000e+02  3.3874785128e+02
2.5370000000e+02  3.3886450499e+02
2.5380000000e+02  3.3898289160e+02
2.5390000000e+02  3.3910172923e+02
2.5400000000e+02  3.3922100010e+02
2.5410000000e+02  3.3934223910e+02
2.5420000000e+02  3.3946311831e+02
2.5430000000e+02  3.3958151212e+02
2.5440000000e+02  3.3970217448e+02
2.5450000000e+02  3.3982012319e+02
2.5460000000e+02  3.3993794391e+02
2.5470000000e+02  3.4005264643e+02
2.5480000000e+02  3.4016710010e+02
2.5490000000e+02  3.4028531261e+02
2.5500000000e+02  3.4040183424e+02
2.5510000000e+02  3.4051952598e+02
2.5520000000e+02  3.4063929246e+02
2.5530000000e+02  3.4075775136e+02
2.5540000000e+02  3.4087529686e+02
2.5550000000e+02  3.4099072596e+02
2.5560000000e+02  3.4110845754e+02
2.5570000000e+02  3.4122759552e+02
2.5580000000e+02  3.4134322299e+02
2.5590000000e+02  3.4146079314e+02
2.5600000000e+02  3.4157920064e+02
2.5610000000e+02  3.4169700820e+02
2.5620000000e+02  3.4181817555e+02
2.5630000000e+02  3.4193387582e+02
2.5640000000e+02  3.4205426219e+02
2.5650000000e+02  3.4217187397e+02
2.5660000000e+02  3.4229242675e+02
2.5670000000e+02  3.4241327228e+02
2.5680000000e+02  3.4253019596e+02
2.5690000000e+02  3.4264908380e+02
2.5700000000e+02  3.4276636972e+02
2.5710000000e+02  3.4288573589e+02
2.5720000000e+02  3.4300663392e+02
2.5730000000e+02  3.4312415193e+02
2.5740000000e+02  3.4324138254e+02
2.5750000000e+02  3.4336380816e+02
2.5760000000e+02  3.4348074245e+02
2.5770000000e+02  3.4360041435e+02
2.5780000000e+02  3.4371917161e+02
2.5790000000e+02  3.4383735389e+02
2.5800000000e+02  3.4395301150e+02
2.5810000000e+02  3.4407133547e+02
2.5820000000e+02  3.4419164901e+02
2.5830000000e+02  3.4430711955e+02
2.5840000000e+02  3.4442940493e+02
2.5850000000e+02  3.4454475158e+02
2.5860000000e+02  3.4466283796e+02
2.5870000000e+02  3.4477881444e+02
2.5880000000e+02  3.4489988239e+02
2.5890000000e+02  3.4501953201e+02
2.5900000000e+02  3.4513826601e+02
2.5910000000e+02  3.4526018354e+02
2.5920000000e+02  3.4538246239e+02
2.5930000000e+02  3.4549960173e+02
2.5940000000e+02  3.4562250645e+02
2.5950000000e+02  3.4574543071e+02
2.5960000000e+02  3.4586355921e+02
2.5970000000e+02  3.4598027856e+02
2.5980000000e+02  3.4610007288e+02
2.5990000000e+02  3.4622024797e+02
2.6000000000e+02  3.4633786448e+02
2.6010000000e+02  3.4645741200e+02
2.6020000000e+02  3.4657768881e+02
2.6030000000e+02  3.4669947433e+02
2.6040000000e+02  3.4681697111e+02
2.6050000000e+02  3.4693448266e+02
2.6060000000e+02  3.4705089919e+02
2.6070000000e+02  3.4717287737e+02
2.6080000000e+02  3.4729092408e+02
2.6090000000e+02  3.4741109367e+02
2.6100000000e+02  3.4753042630e+02
2.6110000000e+02  3.4764786382e+02
2.6120000000e+02  3.4776520149e+02
2.6130000000e+02  3.4788299957e+02
2.6140000000e+02  3.4800380377e+02
2.6150000000e+02  3.4812049132e+02
2.6160000000e+02  3.4823885405e+02
2.6170000000e+02  3.4835802956e+02
2.6180000000e+02  3.4847747658e+02
2.6190000000e+02  3.4859460071e+02
2.6200000000e+02  3.4871495996e+02
2.6210000000e+02  3.4883242961e+02
2.6220000000e+02  3.4895130302e+02
2.6230000000e+02  3.4907480762e+02
2.6240000000e+02  3.4919577002e+02
2.6250000000e+02  3.4931792655e+02
2.6260000000e+02  3.4943873747e+02
2.6270000000e+02  3.4955543892e+02
2.6280000000e+02  3.4967561980e+02
2.6290000000e+02  3.4980001101e+02
2.6300000000e+02  3.4991775508e+02
2.6310000000e+02  3.5004105873e+02
2.6320000000e+02  3.5016368294e+02
2.6330000000e+02  3.5028750420e+02
2.6340000000e+02  3.5041034251e+02
2.6350000000e+02  3.5053251445e+02
2.6360000000e+02  3.5065458759e+02
2.6370000000e+02  3.5077118229e+02
2.6380000000e+02  3.5088877857e+02
2.6390000000e+02  3.5100831259e+02
2.6400000000e+02  3.5113225382e+02
2.6410000000e+02  3.5125218168e+02
2.6420000000e+02  3.5137398292e+02
2.6430000000e+02  3.5148920472e+02
2.6440000000e+02  3.5161228335e+02
2.6450000000e+02  3.5173417038e+02
2.6460000000e+02  3.5185563864e+02
2.6470000000e+02  3.5197428911e+02
2.6480000000e+02  3.5209373523e+02
2.6490000000e+02  3.5221357720e+02
2.6500000000e+02  3.5233242564e+02
2.6510000000e+02  3.5245258827e+02
2.6520000000e+02  3.5257523158e+02
2.6530000000e+02  3.5269869426e+02
2.6540000000e+02  3.5282064218e+02
2.6550000000e+02  3.5294115508e+02
2.6560000000e+02  3.5306491594e+02
2.6570000000e+02  3.5318831505e+02
2.6580000000e+02  3.5330694599e+02
2.6590000000e+02  3.5343034759e+02
2.6600000000e+02  3.5355151335e+02
2.6610000000e+02  3.5367583776e+02
2.6620000000e+02  3.5379606499e+02
2.6630000000e+02  3.5392253349e+02
2.6640000000e+02  3.5404716491e+02
2.6650000000e+02  3.5417271689e+02
2.6660000000e+02  3.5429490188e+02
2.6670000000e+02  3.5441996382e+02
2.6680000000e+02  3.5454213106e+02
2.6690000000e+02  3.5466272147e+02
2.6700000000e+02  3.5478717980e+02
2.6710000000e+02  3.5491113272e+02
2.6720000000e+02  3.5503270774e+02
2.6730000000e+02  3.5515695734e+02
2.6740000000e+02  3.5527875402e+02
2.6750000000e+02  3.5540297601e+02
2.6760000000e+02  3.5552328425e+02
2.6770000000e+02  3.5564842210e+02
2.6780000000e+02  3.5577586233e+02
2.6790000000e+02  3.5589785069e+02
2.6800000000e+02  3.5602245500e+02
2.6810000000e+02  3.5614713593e+02
2.6820000000e+02  3.5627142241e+02
2.6830000000e+02  3.5639706925e+02
2.6840000000e+02  3.5651490401e+02
2.6850000000e+02  3.5663919181e+02
2.6860000000e+02  3.5675885380e+02
2.6870000000e+02  3.5688264550e+02
2.6880000000e+02  3.5700355368e+02
2.6890000000e+02  3.5712855245e+02
2.6900000000e+02  3.5725173047e+02
2.6910000000e+02  3.5737390730e+02
2.6920000000e+02  3.5749662125e+02
2.6930000000e+02  3.5761993084e+02
2.6940000000e+02  3.5773832778e+02
2.6950000000e+02  3.5786325108e+02
2.6960000000e+02  3.5798638628e+02
2.6970000000e+02  3.5810886252e+02
2.6980000000e+02  3.5823188821e+02
2.6990000000e+02  3.5835482134e+02
2.7000000000e+02  3.5848070473e+02
2.7010000000e+02  3.5860146839e+02
2.7020000000e+02  3.5872644137e+02
2.7030000000e+02  3.5884933268e+02
2.7040000000e+02  3.5897146644e+02
2.7050000000e+02  3.5909599622e+02
2.7060000000e+02  3.5921799405e+02
2.7070000000e+02  3.5934249571e+02
2.7080000000e+02  3.5945980416e+02
2.7090000000e+02  3.5958120690e+02
2.7100000000e+02  3.5970104627e+02
2.7110000000e+02  3.5982202189e+02
2.7120000000e+02  3.5994303851e+02
2.7130000000e+02  3.6006389319e+02
2.7140000000e+02  3.6018893798e+02
2.7150000000e+02  3.6030941564e+02
2.7160000000e+02  3.6042912638e+02
2.7170000000e+02  3.6055014409e+02
2.7180000000e+02  3.6067147308e+02
2.7190000000e+02  3.6078954328e+02
2.7200000000e+02  3.6090892248e+02
2.7210000000e+02  3.6103089703e+02
2.7220000000e+02  3.6115069625e+02
2.7230000000e+02  3.6126686924e+02
2.7240000000e+02  3.6138881685e+02
2.7250000000e+02  3.6150981005e+02
2.7260000000e+02  3.6163306451e+02
2.7270000000e+02  3.6175457972e+02
2.7280000000e+02  3.6187294531e+02
2.7290000000e+02  3.6199151695e+02
2.7300000000e+02  3.6211051409e+02
2.7310000000e+02  3.6222950076e+02
2.7320000000e+02  3.6234627370e+02
2.7330000000e+02  3.6246616303e+02
2.7340000000e+02  3.6258502665e+02
2.7350000000e+02  3.6270408708e+02
2.7360000000e+02  3.6282116497e+02
2.7370000000e+02  3.6293930645e+02
2.7380000000e+02  3.6305979901e+02
2.7390000000e+02  3.6318240100e+02
2.7400000000e+02  3.6330111100e+02
2.7410000000e+02  3.6342733301e+02
2.7420000000e+02  3.6354575901e+02
2.7430000000e+02  3.6367016386e+02
2.7440000000e+02  3.6379003893e+02
2.7450000000e+02  3.6391256713e+02
2.7460000000e+02  3.6403275712e+02
2.7470000000e+02  3.6415174514e+02
2.7480000000e+02  3.6427185312e+02
2.7490000000e+02  3.6438939332e+02
2.7500000000e+02  3.6450940393e+02
2.7510000000e+02  3.6462868198e+02
2.7520000000e+02  3.6474304557e+02
2.7530000000e+02  3.6485594835e+02
2.7540000000e+02  3.6497419953e+02
2.7550000000e+02  3.6509458033e+02
2.7560000000e+02  3.6521329162e+02
2.7570000000e+02  3.6533068667e+02
2.7580000000e+02  3.6545004600e+02
2.7590000000e+02  3.6556995017e+02
2.7600000000e+02  3.6568904678e+02
2.7610000000e+02  3.6580689448e+02
2.7620000000e+02  3.6592810287e+02
2.7630000000e+02  3.6604749558e+02
2.7640000000e+02  3.6617268097e+02
2.7650000000e+02  3.6629125385e+02
2.7660000000e+02  3.6641330753e+02
2.7670000000e+02  3.6653174090e+02
2.7680000000e+02  3.6664584980e+02
2.7690000000e+02  3.6676418324e+02
2.7700000000e+02  3.6688396670e+02
2.7710000000e+02  3.6700128840e+02
2.7720000000e+02  3.6712018106e+02
2.7730000000e+02  3.6723561243e+02
2.7740000000e+02  3.6735365064e+02
2.7750000000e+02  3.6747447416e+02
2.7760000000e+02  3.6758929624e+02
2.7770000000e+02  3.6770799782e+02
2.7780000000e+02  3.6782685489e+02
2.7790000000e+02  3.6794666381e+02
2.7800000000e+02  3.6806702615e+02
2.7810000000e+02  3.6818400636e+02
2.7820000000e+02  3.6830128504e+02
2.7830000000e+02  3.6842203622e+02
2.7840000000e+02  3.6853761078e+02
2.7850000000e+02  3.6865582298e+02
2.7860000000e+02  3.6877594572e+02
2.7870000000e+02  3.6889393680e+02
2.7880000000e+02  3.6901209804e+02
2.7890000000e+02  3.6913050336e+02
2.7900000000e+02  3.6924707516e+02
2.7910000000e+02  3.6936194920e+02
2.7920000000e+02  3.6947704331e+02
2.7930000000e+02  3.6959536444e+02
2.7940000000e+02  3.6971553713e+02
2.7950000000e+02  3.6983546584e+02
2.7960000000e+02  3.6995732919e+02
2.7970000000e+02  3.7007995227e+02
2.7980000000e+02  3.7019844726e+02
2.7990000000e+02  3.7031585018e+02
2.8000000000e+02  3.7043717754e+02
2.8010000000e+02  3.7055945376e+02
2.8020000000e+02  3.7067633468e+02
2.8030000000e+02  3.7079699084e+02
2.8040000000e+02  3.7091673133e+02
2.8050000000e+02  3.7104065327e+02
2.8060000000e+02  3.7115950764e+02
2.8070000000e+02  3.7128271466e+02
2.8080000000e+02  3.7140574195e+02
2.8090000000e+02  3.7152717155e+02
2.8100000000e+02  3.7164545367e+02
2.8110000000e+02  3.7176723362e+02
2.8120000000e+02  3.7188889977e+02
2.8130000000e+02  3.7200921914e+02
2.8140000000e+02  3.7213156436e+02
2.8150000000e+02  3.7225090527e+02
2.8160000000e+02  3.7237021743e+02
2.8170000000e+02  3.7248935938e+02
2.8180000000e+02  3.7260967050e+02
2.8190000000e+02  3.7272656064e+02
2.8200000000e+02  3.7284485034e+02
2.8210000000e+02  3.7296635918e+02
2.8220000000e+02  3.7308640384e+02
2.8230000000e+02  3.7320416451e+02
2.8240000000e+02  3.7332273552e+02
2.8250000000e+02  3.7344084784e+02
2.8260000000e+02  3.7355996438e+02
2.8270000000e+02  3.7367974912e+02
2.8280000000e+02  3.7380022600e+02
2.8290000000e+02  3.7391741231e+02
2.8300000000e+02  3.7403576259e+02
2.8310000000e+02  3.7416037373e+02
2.8320000000e+02  3.7428441917e+02
2.8330000000e+02  3.7440742407e+02
2.8340000000e+02  3.7452658801e+02
2.8350000000e+02  3.7464796046e+02
2.8360000000e+02  3.7477026256e+02
2.8370000000e+02  3.7489125667e+02
2.8380000000e+02  3.7501001910e+02
2.8390000000e+02  3.7512959169e+02
2.8400000000e+02  3.7525018405e+02
2.8410000000e+02  3.7536303021e+02
2.8420000000e+02  3.7547885296e+02
2.8430000000e+02  3.7559803048e+02
2.8440000000e+02  3.7572073199e+02
2.8450000000e+02  3.7583445704e+02
2.8460000000e+02  3.7594807907e+02
2.8470000000e+02  3.7606709266e+02
2.8480000000e+02  3.7618325842e+02
2.8490000000e+02  3.7630095431e+02
2.8500000000e+02  3.7642217536e+02
2.8510000000e+02  3.7654433541e+02
2.8520000000e+02  3.7665744071e+02
2.8530000000e+02  3.7677626055e+02
2.8540000000e+02  3.7689686725e+02
2.8550000000e+02  3.7701817792e+02
2.8560000000e+02  3.7713643889e+02
2.8570000000e+02  3.7725135494e+02
2.8580000000e+02  3.7736848539e+02
2.8590000000e+02  3.7748871527e+02
2.8600000000e+02  3.7760834052e+02
2.8610000000e+02  3.7772621338e+02
2.8620000000e+02  3.7784687728e+02
2.8630000000e+02  3.7796689645e+02
2.8640000000e+02  3.7808639670e+02
2.8650000000e+02  3.7820740529e+02
2.8660000000e+02  3.7832932976e+02
2.8670000000e+02  3.7844502141e+02
2.8680000000e+02  3.7856222160e+02
2.8690000000e+02  3.7868122650e+02
2.8700000000e+02  3.7879508780e+02
2.8710000000e+02  3.7891436132e+02
2.8720000000e+02  3.7903518398e+02
2.8730000000e+02  3.7915490556e+02
2.8740000000e+02  3.7927352407e+02
2.8750000000e+02  3.7939437955e+02
2.8760000000e+02  3.7951465471e+02
2.8770000000e+02  3.7963659466e+02
2.8780000000e+02  3.7975903743e+02
2.8790000000e+02  3.7988012152e+02
2.8800000000e+02  3.7999984720e+02
2.8810000000e+02  3.8012223273e+02
2.8820000000e+02  3.8024229118e+02
2.8830000000e+02  3.8036221955e+02
2.8840000000e+02  3.8048056611e+02
2.8850000000e+02  3.8060078655e+02
2.8860000000e+02  3.8071984885e+02
2.8870000000e+02  3.8084080707e+02
2.8880000000e+02  3.8096268321e+02
2.8890000000e+02  3.8108382638e+02
2.8900000000e+02  3.8121077438e+02
2.8910000000e+02  3.8133143874e+02
2.8920000000e+02  3.8145565833e+02
2.8930000000e+02  3.8157895220e+02
2.8940000000e+02  3.8170327645e+02
2.8950000000e+02  3.8182356311e+02
2.8960000000e+02  3.8194471067e+02
2.8970000000e+02  3.8207031726e+02
2.8980000000e+02  3.8219080425e+02
2.8990000000e+02  3.8231097228e+02
2.9000000000e+02  3.8242973929e+02
2.9010000000e+02  3.8255275698e+02
2.9020000000e+02  3.8267295029e+02
2.9030000000e+02  3.8279457831e+02
2.9040000000e+02  3.8291448509e+02
2.9050000000e+02  3.8303404300e+02
2.9060000000e+02  3.8315243545e+02
2.9070000000e+02  3.8327101432e+02
2.9080000000e+02  3.8339241447e+02
2.9090000000e+02  3.8351601939e+02
2.9100000000e+02  3.8363939510e+02
2.9110000000e+02  3.8376117266e+02
2.9120000000e+02  3.8388074981e+02
2.9130000000e+02  3.8400155597e+02
2.9140000000e+02  3.8412574537e+02
2.9150000000e+02  3.8425193773e+02
2.9160000000e+02  3.8437298291e+02
2.9170000000e+02  3.8449527410e+02
2.9180000000e+02  3.8462027002e+02
2.9190000000e+02  3.8474779231e+02
2.9200000000e+02  3.8487125274e+02
2.9210000000e+02  3.8499747201e+02
2.9220000000e+02  3.8511831099e+02
2.9230000000e+02  3.8523686640e+02
2.9240000000e+02  3.8535908320e+02
2.9250000000e+02  3.8548048016e+02
2.9260000000e+02  3.8559409642e+02
2.9270000000e+02  3.8571412119e+02
2.9280000000e+02  3.8583299616e+02
2.9290000000e+02  3.8595089332e+02
2.9300000000e+02  3.8606770106e+02
2.9310000000e+02  3.8618364913e+02
2.9320000000e+02  3.8630316134e+02
2.9330000000e+02  3.8642632437e+02
2.9340000000e+02  3.8654453228e+02
2.9350000000e+02  3.8666675041e+02
2.9360000000e+02  3.8678739277e+02
2.9370000000e+02  3.8690984887e+02
2.9380000000e+02  3.8703135251e+02
2.9390000000e+02  3.8714942882e+02
2.9400000000e+02  3.8726217374e+02
2.9410000000e+02  3.8737942095e+02
2.9420000000e+02  3.8749731620e+02
2.9430000000e+02  3.8761665048e+02
2.9440000000e+02  3.8773888900e+02
2.9450000000e+02  3.8785841041e+02
2.9460000000e+02  3.8797838734e+02
2.9470000000e+02  3.8809740877e+02
2.9480000000e+02  3.8821810127e+02
2.9490000000e+02  3.8833850949e+02
2.9500000000e+02  3.8845952331e+02
2.9510000000e+02  3.8858278438e+02
2.9520000000e+02  3.8869741999e+02
2.9530000000e+02  3.8881932530e+02
2.9540000000e+02  3.8894379763e+02
2.9550000000e+02  3.8906224511e+02
2.9560000000e+02  3.8918440471e+02
2.9570000000e+02  3.8930473009e+02
2.9580000000e+02  3.8942564514e+02
2.9590000000e+02  3.8954520866e+02
2.9600000000e+02  3.8966570664e+02
2.9610000000e+02  3.8978557689e+02
2.9620000000e+02  3.8991003206e+02
2.9630000000e+02  3.9002886463e+02
2.9640000000e+02  3.9015167305e+02
2.9650000000e+02  3.9027065188e+02
2.9660000000e+02  3.9039179416e+02
2.9670000000e+02  3.9051476556e+02
2.9680000000e+02  3.9063771869e+02
2.9690000000e+02  3.9075917759e+02
2.9700000000e+02  3.9087787075e+02
2.9710000000e+02  3.9099731214e+02
2.9720000000e+02  3.9111921853e+02
2.9730000000e+02  3.9124174228e+02
2.9740000000e+02  3.9136347365e+02
2.9750000000e+02  3.9148794315e+02
2.9760000000e+02  3.9161176584e+02
2.9770000000e+02  3.9172940731e+02
2.9780000000e+02  3.9185228923e+02
2.9790000000e+02  3.9197294681e+02
2.9800000000e+02  3.9209376030e+02
2.9810000000e+02  3.9221634148e+02
2.9820000000e+02  3.9233793747e+02
2.9830000000e+02  3.9245830499e+02
2.9840000000e+02  3.9257886969e+02
2.9850000000e+02  3.9270078082e+02
2.9860000000e+02  3.9282640708e+02
2.9870000000e+02  3.9294812162e+02
2.9880000000e+02  3.9307373875e+02
2.9890000000e+02  3.9319690196e+02
2.9900000000e+02  3.9332035010e+02
2.9910000000e+02  3.9344529232e+02
2.9920000000e+02  3.9356974700e+02
2.9930000000e+02  3.9369513717e+02
2.9940000000e+02  3.9381536766e+02
2.9950000000e+02  3.9394121062e+02
2.9960000000e+02  3.9406472611e+02
2.9970000000e+02  3.9418396227e+02
2.9980000000e+02  3.9431176062e+02
2.9990000000e+02  3.9443512746e+02
3.0000000000e+02  3.9456145925e+02
3.0010000000e+02  3.9468563539e+02
3.0020000000e+02  3.9480438784e+02
3.0030000000e+02  3.9492643700e+02
3.0040000000e+02  3.9504616947e+02
3.0050000000e+02  3.9516799887e+02
3.0060000000e+02  3.9528932174e+02
3.0070000000e+02  3.9540875091e+02
3.0080000000e+02  3.9553239269e+02
3.0090000000e+02  3.9565143113e+02
3.0100000000e+02  3.9577160093e+02
3.0110000000e+02  3.9589643458e+02
3.0120000000e+02  3.9602235771e+02
3.0130000000e+02  3.9614437730e+02
3.0140000000e+02  3.9627075736e+02
3.0150000000e+02  3.9639132735e+02
3.0160000000e+02  3.9651111915e+02
3.0170000000e+02  3.9663313645e+02
3.0180000000e+02  3.9675702209e+02
3.0190000000e+02  3.9688008188e+02
3.0200000000e+02  3.9700953702e+02
3.0210000000e+02  3.9713059362e+02
3.0220000000e+02  3.9725484844e+02
3.0230000000e+02  3.9738090576e+02
3.0240000000e+02  3.9750678250e+02
3.0250000000e+02  3.9763538532e+02
3.0260000000e+02  3.9776035588e+02
3.0270000000e+02  3.9788904015e+02
3.0280000000e+02  3.9801063317e+02
3.0290000000e+02  3.9813587748e+02
3.0300000000e+02  3.9826303088e+02
3.0310000000e+02  3.9838885219e+02
3.0320000000e+02  3.9851316343e+02
3.0330000000e+02  3.9863796258e+02
3.0340000000e+02  3.9876094135e+02
3.0350000000e+02  3.9888742326e+02
3.0360000000e+02  3.9901947239e+02
3.0370000000e+02  3.9914365559e+02
3.0380000000e+02  3.9927025307e+02
3.0390000000e+02  3.9939668948e+02
3.0400000000e+02  3.9952335954e+02
3.0410000000e+02  3.9965050980e+02
3.0420000000e+02  3.9977322980e+02
3.0430000000e+02  3.9990027699e+02
3.0440000000e+02  4.0002425431e+02
3.0450000000e+02  4.0015084011e+02
3.0460000000e+02  4.0027278142e+02
3.0470000000e+02  4.0039842447e+02
3.0480000000e+02  4.0052237560e+02
3.0490000000e+02  4.0064451738e+02
3.0500000000e+02  4.0076750353e+02
3.0510000000e+02  4.0089305294e+02
3.0520000000e+02  4.0101797130e+02
3.0530000000e+02  4.0113993189e+02
3.0540000000e+02  4.0126150312e+02
3.0550000000e+02  4.0138461645e+02
3.0560000000e+02  4.0150950103e+02
3.0570000000e+02  4.0163431365e+02
3.0580000000e+02  4.0175613959e+02
3.0590000000e+02  4.0187594838e+02
3.0600000000e+02  4.0200206252e+02
3.0610000000e+02  4.0212450322e+02
3.0620000000e+02  4.0224953826e+02
3.0630000000e+02  4.0237481121e+02
3.0640000000e+02  4.0249918676e+02
3.0650000000e+02  4.0262102050e+02
3.0660000000e+02  4.0274506001e+02
3.0670000000e+02  4.0286242731e+02
3.0680000000e+02  4.0298444064e+02
3.0690000000e+02  4.0310630438e+02
3.0700000000e+02  4.0323106430e+02
3.0710000000e+02  4.0335217408e+02
3.0720000000e+02  4.0347101277e+02
3.0730000000e+02  4.0358851888e+02
3.0740000000e+02  4.0370768779e+02
3.0750000000e+02  4.0383260642e+02
3.0760000000e+02  4.0395561946e+02
3.0770000000e+02  4.0407830301e+02
3.0780000000e+02  4.0419929885e+02
3.0790000000e+02  4.0431459025e+02
3.0800000000e+02  4.0443149993e+02
3.0810000000e+02  4.0455496202e+02
3.0820000000e+02  4.0467573472e+02
3.0830000000e+02  4.0479836282e+02
3.0840000000e+02  4.0492018306e+02
3.0850000000e+02  4.0504255165e+02
3.0860000000e+02  4.0516619491e+02
3.0870000000e+02  4.0529129871e+02
3.0880000000e+02  4.0541540001e+02
3.0890000000e+02  4.0553417059e+02
3.0900000000e+02  4.0565271211e+02
3.0910000000e+02  4.0577198697e+02
3.0920000000e+02  4.0589294775e+02
3.0930000000e+02  4.0601670363e+02
3.0940000000e+02  4.0614100230e+02
3.0950000000e+02  4.0626531714e+02
3.0960000000e+02  4.0638781279e+02
3.0970000000e+02  4.0651084646e+02
3.0980000000e+02  4.0663226510e+02
3.0990000000e+02  4.0675553878e+02
3.1000000000e+02  4.0687708103e+02
3.1010000000e+02  4.0699719541e+02
3.1020000000e+02  4.0712012621e+02
3.1030000000e+02  4.0724300055e+02
3.1040000000e+02  4.0736635897e+02
3.1050000000e+02  4.0749320973e+02
3.1060000000e+02  4.0761706321e+02
3.1070000000e+02  4.0774152483e+02
3.1080000000e+02  4.0786366936e+02
3.1090000000e+02  4.0798440344e+02
3.1100000000e+02  4.0811011114e+02
3.1110000000e+02  4.0822683597e+02
3.1120000000e+02  4.0834751008e+02
3.1130000000e+02  4.0846769506e+02
3.1140000000e+02  4.0858612264e+02
3.1150000000e+02  4.0870464323e+02
3.1160000000e+02  4.0882446916e+02
3.1170000000e+02  4.0894506960e+02
3.1180000000e+02  4.0906450477e+02
3.1190000000e+02  4.0918864096e+02
3.1200000000e+02  4.0930714364e+02
3.1210000000e+02  4.0942970242e+02
3.1220000000e+02  4.0954518311e+02
3.1230000000e+02  4.0966578969e+02
3.1240000000e+02  4.0978336756e+02
3.1250000000e+02  4.0989874541e+02
3.1260000000e+02  4.1001603021e+02
3.1270000000e+02  4.1013269598e+02
3.1280000000e+02  4.1025080138e+02
3.1290000000e+02  4.1037084405e+02
3.1300000000e+02  4.1049106408e+02
3.1310000000e+02  4.1061161818e+02
3.1320000000e+02  4.1072872361e+02
3.1330000000e+02  4.1084792293e+02
3.1340000000e+02  4.1096605536e+02
3.1350000000e+02  4.1108440819e+02
3.1360000000e+02  4.1120495226e+02
3.1370000000e+02  4.1132275785e+02
3.1380000000e+02  4.1144187112e+02
3.1390000000e+02  4.1156440161e+02
3.1400000000e+02  4.1168222515e+02
3.1410000000e+02  4.1180505002e+02
3.1420000000e+02  4.1192278680e+02
3.1430000000e+02  4.1204665036e+02
3.1440000000e+02  4.1217236071e+02
3.1450000000e+02  4.1229237700e+02
3.1460000000e+02  4.1241467035e+02
3.1470000000e+02  4.1253636496e+02
3.1480000000e+02  4.1265835054e+02
3.1490000000e+02  4.1277863728e+02
3.1500000000e+02  4.1290083258e+02
3.1510000000e+02  4.1302289428e+02
3.1520000000e+02  4.1314826655e+02
3.1530000000e+02  4.1327503115e+02
3.1540000000e+02  4.1339930668e+02
3.1550000000e+02  4.1352166976e+02
3.1560000000e+02  4.1364575118e+02
3.1570000000e+02  4.1376443805e+02
3.1580000000e+02  4.1388828319e+02
3.1590000000e+02  4.1401434889e+02
3.1600000000e+02  4.1413874290e+02
3.1610000000e+02  4.1426437353e+02
3.1620000000e+02  4.1438932794e+02
3.1630000000e+02  4.1451372084e+02
3.1640000000e+02  4.1463529633e+02
3.1650000000e+02  4.1475863145e+02
3.1660000000e+02  4.1488296749e+02
3.1670000000e+02  4.1500581382e+02
3.1680000000e+02  4.1512779197e+02
3.1690000000e+02  4.1525123705e+02
3.1700000000e+02  4.1537445546e+02
3.1710000000e+02  4.1550126020e+02
3.1720000000e+02  4.1562763877e+02
3.1730000000e+02  4.1575862814e+02
3.1740000000e+02  4.1587822133e+02
3.1750000000e+02  4.1600209082e+02
3.1760000000e+02  4.1612609949e+02
3.1770000000e+02  4.1624592587e+02
3.1780000000e+02  4.1636883507e+02
3.1790000000e+02  4.1648560062e+02
3.1800000000e+02  4.1661076733e+02
3.1810000000e+02  4.1673204689e+02
3.1820000000e+02  4.1685274624e+02
3.1830000000e+02  4.1697472002e+02
3.1840000000e+02  4.1709564989e+02
3.1850000000e+02  4.1721948019e+02
3.1860000000e+02  4.1734009190e+02
3.1870000000e+02  4.1746539482e+02
3.1880000000e+02  4.1759000918e+02
3.1890000000e+02  4.1771373450e+02
3.1900000000e+02  4.1784084384e+02
3.1910000000e+02  4.1796641032e+02
3.1920000000e+02  4.1808757775e+02
3.1930000000e+02  4.1821198907e+02
3.1940000000e+02  4.1833610551e+02
3.1950000000e+02  4.1845815189e+02
3.1960000000e+02  4.1858264052e+02
3.1970000000e+02  4.1871022402e+02
3.1980000000e+02  4.1883385728e+02
3.1990000000e+02  4.1895672911e+02
3.2000000000e+02  4.1908400633e+02
3.2010000000e+02  4.1920934725e+02
3.2020000000e+02  4.1933538818e+02
3.2030000000e+02  4.1946351753e+02
3.2040000000e+02  4.1959056726e+02
3.2050000000e+02  4.1971727063e+02
3.2060000000e+02  4.1984520354e+02
3.2070000000e+02  4.1996883415e+02
3.2080000000e+02  4.2009059517e+02
3.2090000000e+02  4.2020831923e+02
3.2100000000e+02  4.2032770523e+02
3.2110000000e+02  4.2044825570e+02
3.2120000000e+02  4.2056825511e+02
3.2130000000e+02  4.2068583321e+02
3.2140000000e+02  4.2080817882e+02
3.2150000000e+02  4.2092911216e+02
3.2160000000e+02  4.2105184627e+02
3.2170000000e+02  4.2117058390e+02
3.2180000000e+02  4.2129381405e+02
3.2190000000e+02  4.2141781681e+02
3.2200000000e+02  4.2154506209e+02
3.2210000000e+02  4.2166552677e+02
3.2220000000e+02  4.2179240575e+02
3.2230000000e+02  4.2191610535e+02
3.2240000000e+02  4.2203601963e+02
3.2250000000e+02  4.2215743761e+02
3.2260000000e+02  4.2227995886e+02
3.2270000000e+02  4.2240376747e+02
3.2280000000e+02  4.2253027435e+02
3.2290000000e+02  4.2265375522e+02
3.2300000000e+02  4.2277603862e+02
3.2310000000e+02  4.2290286661e+02
3.2320000000e+02  4.2302762190e+02
3.2330000000e+02  4.2315158436e+02
3.2340000000e+02  4.2327519670e+02
3.2350000000e+02  4.2340155836e+02
3.2360000000e+02  4.2352588637e+02
3.2370000000e+02  4.2365129084e+02
3.2380000000e+02  4.2377706117e+02
3.2390000000e+02  4.2390050983e+02
3.2400000000e+02  4.2402537100e+02
3.2410000000e+02  4.2414607793e+02
3.2420000000e+02  4.2427094511e+02
3.2430000000e+02  4.2439737421e+02
3.2440000000e+02  4.2452110590e+02
3.2450000000e+02  4.2464391970e+02
3.2460000000e+02  4.2477263195e+02
3.2470000000e+02  4.2490084873e+02
3.2480000000e+02  4.2502225864e+02
3.2490000000e+02  4.2514502490e+02
3.2500000000e+02  4.2526576157e+02
3.2510000000e+02  4.2538773907e+02
3.2520000000e+02  4.2550628034e+02
3.2530000000e+02  4.2563189466e+02
3.2540000000e+02  4.2575429372e+02
3.2550000000e+02  4.2587565475e+02
3.2560000000e+02  4.2599662164e+02
3.2570000000e+02  4.2611812528e+02
3.2580000000e+02  4.2623827595e+02
3.2590000000e+02  4.2635789656e+02
3.2600000000e+02  4.2647663598e+02
3.2610000000e+02  4.2659541849e+02
3.2620000000e+02  4.2672110413e+02
3.2630000000e+02  4.2684411852e+02
3.2640000000e+02  4.2696726158e+02
3.2650000000e+02  4.2708841100e+02
3.2660000000e+02  4.2720696232e+02
3.2670000000e+02  4.2732831297e+02
3.2680000000e+02  4.2745097016e+02
3.2690000000e+02  4.2757808090e+02
3.2700000000e+02  4.2769818713e+02
3.2710000000e+02  4.2782205384e+02
3.2720000000e+02  4.2794048120e+02
3.2730000000e+02  4.2805964494e+02
3.2740000000e+02  4.2818425549e+02
3.2750000000e+02  4.2829689762e+02
3.2760000000e+02  4.2841785002e+02
3.2770000000e+02  4.2853705929e+02
3.2780000000e+02  4.2865635840e+02
3.2790000000e+02  4.2878044613e+02
3.2800000000e+02  4.2890524800e+02
3.2810000000e+02  4.2902231745e+02
3.2820000000e+02  4.2913598386e+02
3.2830000000e+02  4.2925352790e+02
3.2840000000e+02  4.2937708210e+02
3.2850000000e+02  4.2949718241e+02
3.2860000000e+02  4.2961800659e+02
3.2870000000e+02  4.2973754062e+02
3.2880000000e+02  4.2985677234e+02
3.2890000000e+02  4.2997781824e+02
3.2900000000e+02  4.3009426810e+02
3.2910000000e+02  4.3021624663e+02
3.2920000000e+02  4.3033909477e+02
3.2930000000e+02  4.3045527063e+02
3.2940000000e+02  4.3057397725e+02
3.2950000000e+02  4.3069417485e+02
3.2960000000e+02  4.3081409144e+02
3.2970000000e+02  4.3093063511e+02
3.2980000000e+02  4.3104909297e+02
3.2990000000e+02  4.3117420130e+02
3.3000000000e+02  4.3129789010e+02
3.3010000000e+02  4.3141842703e+02
3.3020000000e+02  4.3154648264e+02
3.3030000000e+02  4.3166463726e+02
3.3040000000e+02  4.3178518489e+02
3.3050000000e+02  4.3191084628e+02
3.3060000000e+02  4.3203716038e+02
3.3070000000e+02  4.3215856243e+02
3.3080000000e+02  4.3228438457e+02
3.3090000000e+02  4.3241229292e+02
3.3100000000e+02  4.3253681717e+02
3.3110000000e+02  4.3266399936e+02
3.3120000000e+02  4.3278682273e+02
3.3130000000e+02  4.3291157973e+02
3.3140000000e+02  4.3304131706e+02
3.3150000000e+02  4.3316908731e+02
3.3160000000e+02  4.3329658030e+02
3.3170000000e+02  4.3342463655e+02
3.3180000000e+02  4.3355540029e+02
3.3190000000e+02  4.3368583772e+02
3.3200000000e+02  4.3381430135e+02
3.3210000000e+02  4.3394441960e+02
3.3220000000e+02  4.3407536233e+02
3.3230000000e+02  4.3420284227e+02
3.3240000000e+02  4.3433036200e+02
3.3250000000e+02  4.3445534066e+02
3.3260000000e+02  4.3458417981e+02
3.3270000000e+02  4.3471306210e+02
3.3280000000e+02  4.3483849735e+02
3.3290000000e+02  4.3496001111e+02
3.3300000000e+02  4.3508434364e+02
3.3310000000e+02  4.3520665661e+02
3.3320000000e+02  4.3532690755e+02
3.3330000000e+02  4.3545335201e+02
3.3340000000e+02  4.3557491871e+02
3.3350000000e+02  4.3569930298e+02
3.3360000000e+02  4.3582886590e+02
3.3370000000e+02  4.3595430996e+02
3.3380000000e+02  4.3608008114e+02
3.3390000000e+02  4.3620661509e+02
3.3400000000e+02  4.3633488793e+02
3.3410000000e+02  4.3646385818e+02
3.3420000000e+02  4.3659472127e+02
3.3430000000e+02  4.3672390846e+02
3.3440000000e+02  4.3685748088e+02
3.3450000000e+02  4.3698741863e+02
3.3460000000e+02  4.3712146243e+02
3.3470000000e+02  4.3725328127e+02
3.3480000000e+02  4.3738594229e+02
3.3490000000e+02  4.3751457814e+02
3.3500000000e+02  4.3764369266e+02
3.3510000000e+02  4.3777031961e+02
3.3520000000e+02  4.3789992656e+02
3.3530000000e+02  4.3802873029e+02
3.3540000000e+02  4.3815765031e+02
3.3550000000e+02  4.3828901801e+02
3.3560000000e+02  4.3841537285e+02
3.3570000000e+02  4.3854594676e+02
3.3580000000e+02  4.3867738327e+02
3.3590000000e+02  4.3880424182e+02
3.3600000000e+02  4.3893177178e+02
3.3610000000e+02  4.3906273126e+02
3.3620000000e+02  4.3919130502e+02
3.3630000000e+02  4.3931890544e+02
3.3640000000e+02  4.3945027453e+02
3.3650000000e+02  4.3957559226e+02
3.3660000000e+02  4.3970707679e+02
3.3670000000e+02  4.3983237018e+02
3.3680000000e+02  4.3996196594e+02
3.3690000000e+02  4.4008726058e+02
3.3700000000e+02  4.4021924287e+02
3.3710000000e+02  4.4034954533e+02
3.3720000000e+02  4.4048104178e+02
3.3730000000e+02  4.4061155676e+02
3.3740000000e+02  4.4074677009e+02
3.3750000000e+02  4.4087813193e+02
3.3760000000e+02  4.4100629481e+02
3.3770000000e+02  4.4113547230e+02
3.3780000000e+02  4.4126499115e+02
3.3790000000e+02  4.4139781697e+02
3.3800000000e+02  4.4152473455e+02
3.3810000000e+02  4.4165758752e+02
3.3820000000e+02  4.4178902089e+02
3.3830000000e+02  4.4191897762e+02
3.3840000000e+02  4.4205096561e+02
3.3850000000e+02  4.4217887615e+02
3.3860000000e+02  4.4230695977e+02
3.3870000000e+02  4.4243907085e+02
3.3880000000e+02  4.4256712661e+02
3.3890000000e+02  4.4269087231e+02
3.3900000000e+02  4.4281611732e+02
3.3910000000e+02  4.4294315694e+02
3.3920000000e+02  4.4307264903e+02
3.3930000000e+02  4.4319959468e+02
3.3940000000e+02  4.4332803332e+02
3.3950000000e+02  4.4345736902e+02
3.3960000000e+02  4.4358420810e+02
3.3970000000e+02  4.4370748435e+02
3.3980000000e+02  4.4383350658e+02
3.3990000000e+02  4.4395703428e+02
3.4000000000e+02  4.4407993157e+02
3.4010000000e+02  4.4420367448e+02
3.4020000000e+02  4.4432924883e+02
3.4030000000e+02  4.4445862699e+02
3.4040000000e+02  4.4458020359e+02
3.4050000000e+02  4.4470486737e+02
3.4060000000e+02  4.4483063907e+02
3.4070000000e+02  4.4495493686e+02
3.4080000000e+02  4.4508002809e+02
3.4090000000e+02  4.4520881700e+02
3.4100000000e+02  4.4533403759e+02
3.4110000000e+02  4.4545523802e+02
3.4120000000e+02  4.4557498759e+02
3.4130000000e+02  4.4569400799e+02
3.4140000000e+02  4.4581837270e+02
3.4150000000e+02  4.4594269578e+02
3.4160000000e+02  4.4606825776e+02
3.4170000000e+02  4.4619345290e+02
3.4180000000e+02  4.4631826531e+02
3.4190000000e+02  4.4644110371e+02
3.4200000000e+02  4.4656991649e+02
3.4210000000e+02  4.4669415066e+02
3.4220000000e+02  4.4682219095e+02
3.4230000000e+02  4.4694904610e+02
3.4240000000e+02  4.4707631460e+02
3.4250000000e+02  4.4719862197e+02
3.4260000000e+02  4.4732868283e+02
3.4270000000e+02  4.4745403076e+02
3.4280000000e+02  4.4758064052e+02
3.4290000000e+02  4.4770280117e+02
3.4300000000e+02  4.4783008763e+02
3.4310000000e+02  4.4795180637e+02
3.4320000000e+02  4.4807405099e+02
3.4330000000e+02  4.4819428502e+02
3.4340000000e+02  4.4831879325e+02
3.4350000000e+02  4.4843931106e+02
3.4360000000e+02  4.4856532791e+02
3.4370000000e+02  4.4869013229e+02
3.4380000000e+02  4.4881067315e+02
3.4390000000e+02  4.4893763187e+02
3.4400000000e+02  4.4905779279e+02
3.4410000000e+02  4.4917982259e+02
3.4420000000e+02  4.4929976184e+02
3.4430000000e+02  4.4942211384e+02
3.4440000000e+02  4.4954601187e+02
3.4450000000e+02  4.4967112784e+02
3.4460000000e+02  4.4979391003e+02
3.4470000000e+02  4.4992162644e+02
3.4480000000e+02  4.5004649635e+02
3.4490000000e+02  4.5017530640e+02
3.4500000000e+02  4.5029717424e+02
3.4510000000e+02  4.5042047223e+02
3.4520000000e+02  4.5054350664e+02
3.4530000000e+02  4.5066531236e+02
3.4540000000e+02  4.5078752197e+02
3.4550000000e+02  4.5090296605e+02
3.4560000000e+02  4.5102788952e+02
3.4570000000e+02  4.5115088428e+02
3.4580000000e+02  4.5127354708e+02
3.4590000000e+02  4.5139490615e+02
3.4600000000e+02  4.5151778258e+02
3.4610000000e+02  4.5164154952e+02
3.4620000000e+02  4.5176484699e+02
3.4630000000e+02  4.5188469742e+02
3.4640000000e+02  4.5200395989e+02
3.4650000000e+02  4.5212279217e+02
3.4660000000e+02  4.5224126250e+02
3.4670000000e+02  4.5236171589e+02
3.4680000000e+02  4.5248136521e+02
3.4690000000e+02  4.5260024288e+02
3.4700000000e+02  4.5272634547e+02
3.4710000000e+02  4.5284667754e+02
3.4720000000e+02  4.5296251543e+02
3.4730000000e+02  4.5308171183e+02
3.4740000000e+02  4.5319780224e+02
3.4750000000e+02  4.5332096359e+02
3.4760000000e+02  4.5344127896e+02
3.4770000000e+02  4.5356464760e+02
3.4780000000e+02  4.5369277036e+02
3.4790000000e+02  4.5381665638e+02
3.4800000000e+02  4.5394163685e+02
3.4810000000e+02  4.5406553116e+02
3.4820000000e+02  4.5419136509e+02
3.4830000000e+02  4.5431369553e+02
3.4840000000e+02  4.5443720165e+02
3.4850000000e+02  4.5455938478e+02
3.4860000000e+02  4.5468360767e+02
3.4870000000e+02  4.5480308104e+02
3.4880000000e+02  4.5492573906e+02
3.4890000000e+02  4.5504652151e+02
3.4900000000e+02  4.5516929109e+02
3.4910000000e+02  4.5529348628e+02
3.4920000000e+02  4.5541534317e+02
3.4930000000e+02  4.5553468411e+02
3.4940000000e+02  4.5565722289e+02
3.4950000000e+02  4.5578281369e+02
3.4960000000e+02  4.5590103894e+02
3.4970000000e+02  4.5602638434e+02
3.4980000000e+02  4.5614835758e+02
3.4990000000e+02  4.5626899769e+02
3.5000000000e+02  4.5639030535e+02
3.5010000000e+02  4.5651086032e+02
3.5020000000e+02  4.5663571532e+02
3.5030000000e+02  4.5675681247e+02
3.5040000000e+02  4.5688456296e+02
3.5050000000e+02  4.5701351103e+02
3.5060000000e+02  4.5713804811e+02
3.5070000000e+02  4.5726315744e+02
3.5080000000e+02  4.5739045823e+02
3.5090000000e+02  4.5751238263e+02
3.5100000000e+02  4.5763208569e+02
3.5110000000e+02  4.5775575267e+02
3.5120000000e+02  4.5787928370e+02
3.5130000000e+02  4.5800114633e+02
3.5140000000e+02  4.5812260493e+02
3.5150000000e+02  4.5823863420e+02
3.5160000000e+02  4.5836051306e+02
3.5170000000e+02  4.5848003205e+02
3.5180000000e+02  4.5860502713e+02
3.5190000000e+02  4.5872743969e+02
3.5200000000e+02  4.5885345204e+02
3.5210000000e+02  4.5897823420e+02
3.5220000000e+02  4.5910241109e+02
3.5230000000e+02  4.5922512216e+02
3.5240000000e+02  4.5935554393e+02
3.5250000000e+02  4.5947842067e+02
3.5260000000e+02  4.5959978745e+02
3.5270000000e+02  4.5972490963e+02
3.5280000000e+02  4.5985211472e+02
3.5290000000e+02  4.5997780919e+02
3.5300000000e+02  4.6010093570e+02
3.5310000000e+02  4.6022747951e+02
3.5320000000e+02  4.6034417167e+02
3.5330000000e+02  4.6046897398e+02
3.5340000000e+02  4.6059283109e+02
3.5350000000e+02  4.6071607888e+02
3.5360000000e+02  4.6083900784e+02
3.5370000000e+02  4.6096244874e+02
3.5380000000e+02  4.6108349699e+02
3.5390000000e+02  4.6120676234e+02
3.5400000000e+02  4.6132917915e+02
3.5410000000e+02  4.6145217985e+02
3.5420000000e+02  4.6157503943e+02
3.5430000000e+02  4.6170156662e+02
3.5440000000e+02  4.6182474445e+02
3.5450000000e+02  4.6195614867e+02
3.5460000000e+02  4.6208251734e+02
3.5470000000e+02  4.6221240181e+02
3.5480000000e+02  4.6234054272e+02
3.5490000000e+02  4.6246900477e+02
3.5500000000e+02  4.6259951401e+02
3.5510000000e+02  4.6272219727e+02
3.5520000000e+02  4.6284854998e+02
3.5530000000e+02  4.6297326764e+02
3.5540000000e+02  4.6310060320e+02
3.5550000000e+02  4.6322375900e+02
3.5560000000e+02  4.6334574112e+02
3.5570000000e+02  4.6347034522e+02
3.5580000000e+02  4.6359079776e+02
3.5590000000e+02  4.6371307070e+02
3.5600000000e+02  4.6383669820e+02
3.5610000000e+02  4.6396021478e+02
3.5620000000e+02  4.6408214854e+02
3.5630000000e+02  4.6420509560e+02
3.5640000000e+02  4.6432464889e+02
3.5650000000e+02  4.6444696370e+02
3.5660000000e+02  4.6456886378e+02
3.5670000000e+02  4.6469143728e+02
3.5680000000e+02  4.6481191171e+02
3.5690000000e+02  4.6493344177e+02
3.5700000000e+02  4.6505314150e+02
3.5710000000e+02  4.6517254163e+02
3.5720000000e+02  4.6529572469e+02
3.5730000000e+02  4.6541601060e+02
3.5740000000e+02  4.6554097828e+02
3.5750000000e+02  4.6566502502e+02
3.5760000000e+02  4.6578495539e+02
3.5770000000e+02  4.6590823442e+02
3.5780000000e+02  4.6602731022e+02
3.5790000000e+02  4.6615083564e+02
3.5800000000e+02  4.6627358085e+02
3.5810000000e+02  4.6640079012e+02
3.5820000000e+02  4.6652679544e+02
3.5830000000e+02  4.6664354012e+02
3.5840000000e+02  4.6676111576e+02
3.5850000000e+02  4.6688032209e+02
3.5860000000e+02  4.6700478487e+02
3.5870000000e+02  4.6712668054e+02
3.5880000000e+02  4.6724620843e+02
3.5890000000e+02  4.6736815994e+02
3.5900000000e+02  4.6749138104e+02
3.5910000000e+02  4.6761372801e+02
3.5920000000e+02  4.6774399193e+02
3.5930000000e+02  4.6787070135e+02
3.5940000000e+02  4.6799367964e+02
3.5950000000e+02  4.6811711554e+02
3.5960000000e+02  4.6823756927e+02
3.5970000000e+02  4.6836045794e+02
3.5980000000e+02  4.6848858104e+02
3.5990000000e+02  4.6861462109e+02
3.6000000000e+02  4.6873793173e+02
3.6010000000e+02  4.6886304397e+02
3.6020000000e+02  4.6898976258e+02
3.6030000000e+02  4.6911613419e+02
3.6040000000e+02  4.6924268363e+02
3.6050000000e+02  4.6936507108e+02
3.6060000000e+02  4.6948587962e+02
3.6070000000e+02  4.6960733389e+02
3.6080000000e+02  4.6973445919e+02
3.6090000000e+02  4.6985919461e+02
3.6100000000e+02  4.6997954235e+02
3.6110000000e+02  4.7010111290e+02
3.6120000000e+02  4.7022701876e+02
3.6130000000e+02  4.7034843511e+02
3.6140000000e+02  4.7047237282e+02
3.6150000000e+02  4.7059687572e+02
3.6160000000e+02  4.7071637745e+02
3.6170000000e+02  4.7084047772e+02
3.6180000000e+02  4.7096045914e+02
3.6190000000e+02  4.7108098583e+02
3.6200000000e+02  4.7120621682e+02
3.6210000000e+02  4.7133152570e+02
3.6220000000e+02  4.7145577901e+02
3.6230000000e+02  4.7158236308e+02
3.6240000000e+02  4.7170318100e+02
3.6250000000e+02  4.7182710601e+02
3.6260000000e+02  4.7195498969e+02
3.6270000000e+02  4.7207744407e+02
3.6280000000e+02  4.7220248412e+02
3.6290000000e+02  4.7232333280e+02
3.6300000000e+02  4.7245188333e+02
3.6310000000e+02  4.7257084347e+02
3.6320000000e+02  4.7269715220e+02
3.6330000000e+02  4.7282090891e+02
3.6340000000e+02  4.7294664248e+02
3.6350000000e+02  4.7306708415e+02
3.6360000000e+02  4.7319361308e+02
3.6370000000e+02  4.7331834965e+02
3.6380000000e+02  4.7344535737e+02
3.6390000000e+02  4.7356666982e+02
3.6400000000e+02  4.7368797746e+02
3.6410000000e+02  4.7381020709e+02
3.6420000000e+02  4.7393153673e+02
3.6430000000e+02  4.7405155598e+02
3.6440000000e+02  4.7416986783e+02
3.6450000000e+02  4.7429273021e+02
3.6460000000e+02  4.7441037454e+02
3.6470000000e+02  4.7453098402e+02
3.6480000000e+02  4.7464925498e+02
3.6490000000e+02  4.7476726483e+02
3.6500000000e+02  4.7489056300e+02
3.6510000000e+02  4.7500365456e+02
3.6520000000e+02  4.7512034769e+02
3.6530000000e+02  4.7524005939e+02
3.6540000000e+02  4.7536437852e+02
3.6550000000e+02  4.7548376928e+02
3.6560000000e+02  4.7560588110e+02
3.6570000000e+02  4.7572526485e+02
3.6580000000e+02  4.7584835223e+02
3.6590000000e+02  4.7596655782e+02
3.6600000000e+02  4.7608961462e+02
3.6610000000e+02  4.7620912948e+02
3.6620000000e+02  4.7633086041e+02
3.6630000000e+02  4.7645696167e+02
3.6640000000e+02  4.7657690152e+02
3.6650000000e+02  4.7669856004e+02
3.6660000000e+02  4.7682476038e+02
3.6670000000e+02  4.7694682883e+02
3.6680000000e+02  4.7707690863e+02
3.6690000000e+02  4.7720319691e+02
3.6700000000e+02  4.7732967549e+02
3.6710000000e+02  4.7746092828e+02
3.6720000000e+02  4.7758468722e+02
3.6730000000e+02  4.7771020959e+02
3.6740000000e+02  4.7783875108e+02
3.6750000000e+02  4.7796409925e+02
3.6760000000e+02  4.7809330010e+02
3.6770000000e+02  4.7822028053e+02
3.6780000000e+02  4.7834588467e+02
3.6790000000e+02  4.7847320055e+02
3.6800000000e+02  4.7859244125e+02
3.6810000000e+02  4.7871947509e+02
3.6820000000e+02  4.7883813335e+02
3.6830000000e+02  4.7895855574e+02
3.6840000000e+02  4.7907984170e+02
3.6850000000e+02  4.7919872112e+02
3.6860000000e+02  4.7931586495e+02
3.6870000000e+02  4.7943629368e+02
3.6880000000e+02  4.7955828058e+02
3.6890000000e+02  4.7967972780e+02
3.6900000000e+02  4.7980600100e+02
3.6910000000e+02  4.7992628537e+02
3.6920000000e+02  4.8005118758e+02
3.6930000000e+02  4.8017339460e+02
3.6940000000e+02  4.8029981803e+02
3.6950000000e+02  4.8042211324e+02
3.6960000000e+02  4.8054877981e+02
3.6970000000e+02  4.8067205268e+02
3.6980000000e+02  4.8079368222e+02
3.6990000000e+02  4.8091225957e+02
3.7000000000e+02  4.8103273478e+02
3.7010000000e+02  4.8115180387e+02
3.7020000000e+02  4.8127400602e+02
3.7030000000e+02  4.8139225389e+02
3.7040000000e+02  4.8151491603e+02
3.7050000000e+02  4.8163643495e+02
3.7060000000e+02  4.8176093685e+02
3.7070000000e+02  4.8188024148e+02
3.7080000000e+02  4.8200562127e+02
3.7090000000e+02  4.8213299288e+02
3.7100000000e+02  4.8226227308e+02
3.7110000000e+02  4.8238713926e+02
3.7120000000e+02  4.8251702540e+02
3.7130000000e+02  4.8264374215e+02
3.7140000000e+02  4.8276637129e+02
3.7150000000e+02  4.8288832542e+02
3.7160000000e+02  4.8301191006e+02
3.7170000000e+02  4.8313534952e+02
3.7180000000e+02  4.8326433164e+02
3.7190000000e+02  4.8338770160e+02
3.7200000000e+02  4.8350983616e+02
3.7210000000e+02  4.8363217017e+02
3.7220000000e+02  4.8375310685e+02
3.7230000000e+02  4.8387397848e+02
3.7240000000e+02  4.8399393735e+02
3.7250000000e+02  4.8411121546e+02
3.7260000000e+02  4.8423296910e+02
3.7270000000e+02  4.8435496436e+02
3.7280000000e+02  4.8447980167e+02
3.7290000000e+02  4.8459938811e+02
3.7300000000e+02  4.8472239022e+02
3.7310000000e+02  4.8484225035e+02
3.7320000000e+02  4.8497031588e+02
3.7330000000e+02  4.8510025798e+02
3.7340000000e+02  4.8522494303e+02
3.7350000000e+02  4.8534718937e+02
3.7360000000e+02  4.8547043660e+02
3.7370000000e+02  4.8559367840e+02
3.7380000000e+02  4.8571959586e+02
3.7390000000e+02  4.8584626143e+02
3.7400000000e+02  4.8597157018e+02
3.7410000000e+02  4.8609809840e+02
3.7420000000e+02  4.8622535336e+02
3.7430000000e+02  4.8634749227e+02
3.7440000000e+02  4.8646939086e+02
3.7450000000e+02  4.8659193700e+02
3.7460000000e+02  4.8672192980e+02
3.7470000000e+02  4.8685429272e+02
3.7480000000e+02  4.8698435531e+02
3.7490000000e+02  4.8711221140e+02
3.7500000000e+02  4.8723629896e+02
3.7510000000e+02  4.8736557670e+02
3.7520000000e+02  4.8749120338e+02
3.7530000000e+02  4.8761457019e+02
3.7540000000e+02  4.8774766189e+02
3.7550000000e+02  4.8787380214e+02
3.7560000000e+02  4.8800354933e+02
3.7570000000e+02  4.8813216793e+02
3.7580000000e+02  4.8826126043e+02
3.7590000000e+02  4.8839420071e+02
3.7600000000e+02  4.8851874635e+02
3.7610000000e+02  4.8864880066e+02
3.7620000000e+02  4.8877546132e+02
3.7630000000e+02  4.8890273148e+02
3.7640000000e+02  4.8903219079e+02
3.7650000000e+02  4.8915940928e+02
3.7660000000e+02  4.8928576425e+02
3.7670000000e+02  4.8941579755e+02
3.7680000000e+02  4.8954983254e+02
3.7690000000e+02  4.8968183759e+02
3.7700000000e+02  4.8981464615e+02
3.7710000000e+02  4.8994801708e+02
3.7720000000e+02  4.9007849045e+02
3.7730000000e+02  4.9021371570e+02
3.7740000000e+02  4.9034674145e+02
3.7750000000e+02  4.9047845106e+02
3.7760000000e+02  4.9061161583e+02
3.7770000000e+02  4.9074993325e+02
3.7780000000e+02  4.9088872983e+02
3.7790000000e+02  4.9102885041e+02
3.7800000000e+02  4.9116077392e+02
3.7810000000e+02  4.9129254292e+02
3.7820000000e+02  4.9142527834e+02
3.7830000000e+02  4.9156068711e+02
3.7840000000e+02  4.9169768474e+02
3.7850000000e+02  4.9183421176e+02
3.7860000000e+02  4.9197578565e+02
3.7870000000e+02  4.9212123711e+02
3.7880000000e+02  4.9226598498e+02
3.7890000000e+02  4.9240948731e+02
3.7900000000e+02  4.9254764669e+02
3.7910000000e+02  4.9268593276e+02
3.7920000000e+02  4.9282366192e+02
3.7930000000e+02  4.9296040814e+02
3.7940000000e+02  4.9310060377e+02
3.7950000000e+02  4.9324013835e+02
3.7960000000e+02  4.9337994506e+02
3.7970000000e+02  4.9351842889e+02
3.7980000000e+02  4.9364907217e+02
3.7990000000e+02  4.9378782079e+02
3.8000000000e+02  4.9392804379e+02
3.8010000000e+02  4.9407013994e+02
3.8020000000e+02  4.9420945697e+02
3.8030000000e+02  4.9434533226e+02
3.8040000000e+02  4.9448631335e+02
3.8050000000e+02  4.9462923099e+02
3.8060000000e+02  4.9476863816e+02
3.8070000000e+02  4.9490751414e+02
3.8080000000e+02  4.9504580296e+02
3.8090000000e+02  4.9519000430e+02
3.8100000000e+02  4.9533215170e+02
3.8110000000e+02  4.9546728144e+02
3.8120000000e+02  4.9560229753e+02
3.8130000000e+02  4.9574104475e+02
3.8140000000e+02  4.9588196723e+02
3.8150000000e+02  4.9602122810e+02
3.8160000000e+02  4.9615843441e+02
3.8170000000e+02  4.9629420706e+02
3.8180000000e+02  4.9643292719e+02
3.8190000000e+02  4.9657015618e+02
3.8200000000e+02  4.9671110049e+02
3.8210000000e+02  4.9685236743e+02
3.8220000000e+02  4.9699335563e+02
3.8230000000e+02  4.9713175963e+02
3.8240000000e+02  4.9726655563e+02
3.8250000000e+02  4.9740638058e+02
3.8260000000e+02  4.9754942892e+02
3.8270000000e+02  4.9768703073e+02
3.8280000000e+02  4.9782378430e+02
3.8290000000e+02  4.9796035674e+02
3.8300000000e+02  4.9809554708e+02
3.8310000000e+02  4.9822945320e+02
3.8320000000e+02  4.9836972441e+02
3.8330000000e+02  4.9850894567e+02
3.8340000000e+02  4.9864576824e+02
3.8350000000e+02  4.9877843494e+02
3.8360000000e+02  4.9891616867e+02
3.8370000000e+02  4.9905669535e+02
3.8380000000e+02  4.9919136451e+02
3.8390000000e+02  4.9932670598e+02
3.8400000000e+02  4.9946628012e+02
3.8410000000e+02  4.9960845106e+02
3.8420000000e+02  4.9974887288e+02
3.8430000000e+02  4.9988506375e+02
3.8440000000e+02  5.0002454177e+02
3.8450000000e+02  5.0016099899e+02
3.8460000000e+02  5.0030746168e+02
3.8470000000e+02  5.0044735935e+02
3.8480000000e+02  5.0058580094e+02
3.8490000000e+02  5.0072610173e+02
3.8500000000e+02  5.0086912979e+02
3.8510000000e+02  5.0101077075e+02
3.8520000000e+02  5.0114902869e+02
3.8530000000e+02  5.0128771067e+02
3.8540000000e+02  5.0142359854e+02
3.8550000000e+02  5.0156745282e+02
3.8560000000e+02  5.0170817690e+02
3.8570000000e+02  5.0185484570e+02
3.8580000000e+02  5.0199983855e+02
3.8590000000e+02  5.0214274917e+02
3.8600000000e+02  5.0228345771e+02
3.8610000000e+02  5.0242774307e+02
3.8620000000e+02  5.0257013933e+02
3.8630000000e+02  5.0271263109e+02
3.8640000000e+02  5.0285672124e+02
3.8650000000e+02  5.0300077566e+02
3.8660000000e+02  5.0314622084e+02
3.8670000000e+02  5.0329072722e+02
3.8680000000e+02  5.0343518061e+02
3.8690000000e+02  5.0357702665e+02
3.8700000000e+02  5.0372010501e+02
3.8710000000e+02  5.0386151981e+02
3.8720000000e+02  5.0400273348e+02
3.8730000000e+02  5.0414723595e+02
3.8740000000e+02  5.0429119188e+02
3.8750000000e+02  5.0443016230e+02
3.8760000000e+02  5.0456417383e+02
3.8770000000e+02  5.0469935856e+02
3.8780000000e+02  5.0483419506e+02
3.8790000000e+02  5.0497159121e+02
3.8800000000e+02  5.0510703002e+02
3.8810000000e+02  5.0524359188e+02
3.8820000000e+02  5.0538567678e+02
3.8830000000e+02  5.0552595439e+02
3.8840000000e+02  5.0566126562e+02
3.8850000000e+02  5.0579557394e+02
3.8860000000e+02  5.0593888947e+02
3.8870000000e+02  5.0608013693e+02
3.8880000000e+02  5.0621901880e+02
3.8890000000e+02  5.0635620041e+02
3.8900000000e+02  5.0649294981e+02
3.8910000000e+02  5.0663308759e+02
3.8920000000e+02  5.0677041205e+02
3.8930000000e+02  5.0690656588e+02
3.8940000000e+02  5.0704185328e+02
3.8950000000e+02  5.0718182165e+02
3.8960000000e+02  5.0731953441e+02
3.8970000000e+02  5.0745365433e+02
3.8980000000e+02  5.0758959810e+02
3.8990000000e+02  5.0772142365e+02
3.9000000000e+02  5.0785152766e+02
3.9010000000e+02  5.0798450331e+02
3.9020000000e+02  5.0811542358e+02
3.9030000000e+02  5.0824403483e+02
3.9040000000e+02  5.0837596633e+02
3.9050000000e+02  5.0850904689e+02
3.9060000000e+02  5.0864310910e+02
3.9070000000e+02  5.0877517730e+02
3.9080000000e+02  5.0891387150e+02
3.9090000000e+02  5.0904666662e+02
3.9100000000e+02  5.0918105050e+02
3.9110000000e+02  5.0931449518e+02
3.9120000000e+02  5.0945215123e+02
3.9130000000e+02  5.0958484842e+02
3.9140000000e+02  5.0972200904e+02
3.9150000000e+02  5.0985725506e+02
3.9160000000e+02  5.0999304850e+02
3.9170000000e+02  5.1012732003e+02
3.9180000000e+02  5.1026005800e+02
3.9190000000e+02  5.1039239440e+02
3.9200000000e+02  5.1052084072e+02
3.9210000000e+02  5.1065230364e+02
3.9220000000e+02  5.1077979935e+02
3.9230000000e+02  5.1091294370e+02
3.9240000000e+02  5.1104000669e+02
3.9250000000e+02  5.1117072866e+02
3.9260000000e+02  5.1129955625e+02
3.9270000000e+02  5.1143359637e+02
3.9280000000e+02  5.1155985705e+02
3.9290000000e+02  5.1168988068e+02
3.9300000000e+02  5.1182405985e+02
3.9310000000e+02  5.1195790599e+02
3.9320000000e+02  5.1208980490e+02
3.9330000000e+02  5.1222342463e+02
3.9340000000e+02  5.1234933405e+02
3.9350000000e+02  5.1248280355e+02
3.9360000000e+02  5.1261815502e+02
3.9370000000e+02  5.1275468345e+02
3.9380000000e+02  5.1289131872e+02
3.9390000000e+02  5.1302205229e+02
3.9400000000e+02  5.1315356084e+02
3.9410000000e+02  5.1328673298e+02
3.9420000000e+02  5.1342074776e+02
3.9430000000e+02  5.1355706951e+02
3.9440000000e+02  5.1369423356e+02
3.9450000000e+02  5.1382612046e+02
3.9460000000e+02  5.1395693239e+02
3.9470000000e+02  5.1408862297e+02
3.9480000000e+02  5.1422053473e+02
3.9490000000e+02  5.1435453739e+02
3.9500000000e+02  5.1448091039e+02
3.9510000000e+02  5.1461523499e+02
3.9520000000e+02  5.1475013654e+02
3.9530000000e+02  5.1488134146e+02
3.9540000000e+02  5.1501126932e+02
3.9550000000e+02  5.1514553130e+02
3.9560000000e+02  5.1527931661e+02
3.9570000000e+02  5.1541986563e+02
3.9580000000e+02  5.1555089785e+02
3.9590000000e+02  5.1568249800e+02
3.9600000000e+02  5.1581334109e+02
3.9610000000e+02  5.1594084138e+02
3.9620000000e+02  5.1607876306e+02
3.9630000000e+02  5.1621268649e+02
3.9640000000e+02  5.1634820869e+02
3.9650000000e+02  5.1648551651e+02
3.9660000000e+02  5.1662028044e+02
3.9670000000e+02  5.1675320275e+02
3.9680000000e+02  5.1688852145e+02
3.9690000000e+02  5.1702302132e+02
3.9700000000e+02  5.1716086851e+02
3.9710000000e+02  5.1728725046e+02
3.9720000000e+02  5.1741871004e+02
3.9730000000e+02  5.1754463599e+02
3.9740000000e+02  5.1767373210e+02
3.9750000000e+02  5.1779985413e+02
3.9760000000e+02  5.1793452878e+02
3.9770000000e+02  5.1806289010e+02
3.9780000000e+02  5.1818890899e+02
3.9790000000e+02  5.1831739249e+02
3.9800000000e+02  5.1844386834e+02
3.9810000000e+02  5.1857468159e+02
3.9820000000e+02  5.1870030112e+02
3.9830000000e+02  5.1882935091e+02
3.9840000000e+02  5.1895577676e+02
3.9850000000e+02  5.1908217526e+02
3.9860000000e+02  5.1920574013e+02
3.9870000000e+02  5.1933506293e+02
3.9880000000e+02  5.1945986273e+02
3.9890000000e+02  5.1958786360e+02
3.9900000000e+02  5.1971909820e+02
3.9910000000e+02  5.1985577923e+02
3.9920000000e+02  5.1998415853e+02
3.9930000000e+02  5.2011100829e+02
3.9940000000e+02  5.2024526419e+02
3.9950000000e+02  5.2037656982e+02
3.9960000000e+02  5.2051333151e+02
3.9970000000e+02  5.2064242455e+02
3.9980000000e+02  5.2077504478e+02
3.9990000000e+02  5.2091547235e+02
4.0000000000e+02  5.2105424256e+02
4.0010000000e+02  5.2119128576e+02
4.0020000000e+02  5.2132881309e+02
4.0030000000e+02  5.2146138513e+02
4.0040000000e+02  5.2159359083e+02
4.0050000000e+02  5.2173147586e+02
4.0060000000e+02  5.2187366998e+02
4.0070000000e+02  5.2201045439e+02
4.0080000000e+02  5.2214264107e+02
4.0090000000e+02  5.2227640267e+02
4.0100000000e+02  5.2241222291e+02
4.0110000000e+02  5.2254985310e+02
4.0120000000e+02  5.2268206412e+02
4.0130000000e+02  5.2282011796e+02
4.0140000000e+02  5.2295231778e+02
4.0150000000e+02  5.2309049575e+02
4.0160000000e+02  5.2322868408e+02
4.0170000000e+02  5.2336981775e+02
4.0180000000e+02  5.2350974547e+02
4.0190000000e+02  5.2365181234e+02
4.0200000000e+02  5.2379165780e+02
4.0210000000e+02  5.2392690323e+02
4.0220000000e+02  5.2406639594e+02
4.0230000000e+02  5.2420103186e+02
4.0240000000e+02  5.2433289365e+02
4.0250000000e+02  5.2446955426e+02
4.0260000000e+02  5.2460459789e+02
4.0270000000e+02  5.2473189703e+02
4.0280000000e+02  5.2486949468e+02
4.0290000000e+02  5.2500553147e+02
4.0300000000e+02  5.2514001604e+02
4.0310000000e+02  5.2527576967e+02
4.0320000000e+02  5.2541524384e+02
4.0330000000e+02  5.2555606968e+02
4.0340000000e+02  5.2569597636e+02
4.0350000000e+02  5.2583377703e+02
4.0360000000e+02  5.2597965397e+02
4.0370000000e+02  5.2612251282e+02
4.0380000000e+02  5.2626131815e+02
4.0390000000e+02  5.2639831840e+02
4.0400000000e+02  5.2653391342e+02
4.0410000000e+02  5.2666909676e+02
4.0420000000e+02  5.2681089466e+02
4.0430000000e+02  5.2695185651e+02
4.0440000000e+02  5.2708916796e+02
4.0450000000e+02  5.2722554709e+02
4.0460000000e+02  5.2736519244e+02
4.0470000000e+02  5.2750263414e+02
4.0480000000e+02  5.2764119679e+02
4.0490000000e+02  5.2777862380e+02
4.0500000000e+02  5.2791529504e+02
4.0510000000e+02  5.2805318768e+02
4.0520000000e+02  5.2819353539e+02
4.0530000000e+02  5.2833106307e+02
4.0540000000e+02  5.2846913209e+02
4.0550000000e+02  5.2860945177e+02
4.0560000000e+02  5.2874496298e+02
4.0570000000e+02  5.2888153117e+02
4.0580000000e+02  5.2902040364e+02
4.0590000000e+02  5.2916146789e+02
4.0600000000e+02  5.2929677263e+02
4.0610000000e+02  5.2942867300e+02
4.0620000000e+02  5.2956100540e+02
4.0630000000e+02  5.2969994818e+02
4.0640000000e+02  5.2983403984e+02
4.0650000000e+02  5.2997154760e+02
4.0660000000e+02  5.3011225003e+02
4.0670000000e+02  5.3025257378e+02
4.0680000000e+02  5.3038999619e+02
4.0690000000e+02  5.3052406477e+02
4.0700000000e+02  5.3066035469e+02
4.0710000000e+02  5.3079638546e+02
4.0720000000e+02  5.3093037669e+02
4.0730000000e+02  5.3106399961e+02
4.0740000000e+02  5.3120108355e+02
4.0750000000e+02  5.3133419103e+02
4.0760000000e+02  5.3147079784e+02
4.0770000000e+02  5.3160884218e+02
4.0780000000e+02  5.3174621627e+02
4.0790000000e+02  5.3188416032e+02
4.0800000000e+02  5.3201891252e+02
4.0810000000e+02  5.3215566628e+02
4.0820000000e+02  5.3229481218e+02
4.0830000000e+02  5.3243765451e+02
4.0840000000e+02  5.3257745984e+02
4.0850000000e+02  5.3271609453e+02
4.0860000000e+02  5.3285250622e+02
4.0870000000e+02  5.3298594422e+02
4.0880000000e+02  5.3311846915e+02
4.0890000000e+02  5.3324900419e+02
4.0900000000e+02  5.3338569803e+02
4.0910000000e+02  5.3351673619e+02
4.0920000000e+02  5.3364544846e+02
4.0930000000e+02  5.3377826694e+02
4.0940000000e+02  5.3390736301e+02
4.0950000000e+02  5.3403969856e+02
4.0960000000e+02  5.3416941103e+02
4.0970000000e+02  5.3430187573e+02
4.0980000000e+02  5.3443669296e+02
4.0990000000e+02  5.3457029151e+02
4.1000000000e+02  5.3471178351e+02
4.1010000000e+02  5.3484929830e+02
4.1020000000e+02  5.3498351789e+02
4.1030000000e+02  5.3511694600e+02
4.1040000000e+02  5.3525016646e+02
4.1050000000e+02  5.3538654558e+02
4.1060000000e+02  5.3552110080e+02
4.1070000000e+02  5.3565808821e+02
4.1080000000e+02  5.3578998807e+02
4.1090000000e+02  5.3592593329e+02
4.1100000000e+02  5.3606473198e+02
4.1110000000e+02  5.3619661876e+02
4.1120000000e+02  5.3633354102e+02
4.1130000000e+02  5.3646313794e+02
4.1140000000e+02  5.3660234079e+02
4.1150000000e+02  5.3673689627e+02
4.1160000000e+02  5.3686920524e+02
4.1170000000e+02  5.3700476956e+02
4.1180000000e+02  5.3713261361e+02
4.1190000000e+02  5.3726599545e+02
4.1200000000e+02  5.3739887553e+02
4.1210000000e+02  5.3753071297e+02
4.1220000000e+02  5.3765847493e+02
4.1230000000e+02  5.3779017967e+02
4.1240000000e+02  5.3792582189e+02
4.1250000000e+02  5.3806146294e+02
4.1260000000e+02  5.3818934582e+02
4.1270000000e+02  5.3831753259e+02
4.1280000000e+02  5.3845142654e+02
4.1290000000e+02  5.3858962604e+02
4.1300000000e+02  5.3872149670e+02
4.1310000000e+02  5.3886088733e+02
4.1320000000e+02  5.3899363635e+02
4.1330000000e+02  5.3912589424e+02
4.1340000000e+02  5.3925952387e+02
4.1350000000e+02  5.3940322933e+02
4.1360000000e+02  5.3953807209e+02
4.1370000000e+02  5.3967028773e+02
4.1380000000e+02  5.3980531734e+02
4.1390000000e+02  5.3993634843e+02
4.1400000000e+02  5.4007133926e+02
4.1410000000e+02  5.4020540929e+02
4.1420000000e+02  5.4033497690e+02
4.1430000000e+02  5.4046870469e+02
4.1440000000e+02  5.4060064541e+02
4.1450000000e+02  5.4073613800e+02
4.1460000000e+02  5.4086534519e+02
4.1470000000e+02  5.4099456161e+02
4.1480000000e+02  5.4112855226e+02
4.1490000000e+02  5.4126316076e+02
4.1500000000e+02  5.4140188884e+02
4.1510000000e+02  5.4153513261e+02
4.1520000000e+02  5.4167460506e+02
4.1530000000e+02  5.4181994819e+02
4.1540000000e+02  5.4196362983e+02
4.1550000000e+02  5.4209550314e+02
4.1560000000e+02  5.4223183610e+02
4.1570000000e+02  5.4236483432e+02
4.1580000000e+02  5.4249601707e+02
4.1590000000e+02  5.4262906142e+02
4.1600000000e+02  5.4276598331e+02
4.1610000000e+02  5.4290238341e+02
4.1620000000e+02  5.4304467339e+02
4.1630000000e+02  5.4318158586e+02
4.1640000000e+02  5.4332220793e+02
4.1650000000e+02  5.4345708597e+02
4.1660000000e+02  5.4359290230e+02
4.1670000000e+02  5.4372758115e+02
4.1680000000e+02  5.4386237763e+02
4.1690000000e+02  5.4399896573e+02
4.1700000000e+02  5.4413071801e+02
4.1710000000e+02  5.4425958247e+02
4.1720000000e+02  5.4439368047e+02
4.1730000000e+02  5.4452722389e+02
4.1740000000e+02  5.4466399196e+02
4.1750000000e+02  5.4479609161e+02
4.1760000000e+02  5.4493252524e+02
4.1770000000e+02  5.4506909969e+02
4.1780000000e+02  5.4520576436e+02
4.1790000000e+02  5.4534102071e+02
4.1800000000e+02  5.4547818351e+02
4.1810000000e+02  5.4561317481e+02
4.1820000000e+02  5.4575218346e+02
4.1830000000e+02  5.4588650464e+02
4.1840000000e+02  5.4602784134e+02
4.1850000000e+02  5.4616453672e+02
4.1860000000e+02  5.4629732265e+02
4.1870000000e+02  5.4642545418e+02
4.1880000000e+02  5.4656397872e+02
4.1890000000e+02  5.4669730453e+02
4.1900000000e+02  5.4683207298e+02
4.1910000000e+02  5.4697155892e+02
4.1920000000e+02  5.4711303998e+02
4.1930000000e+02  5.4724895495e+02
4.1940000000e+02  5.4738410548e+02
4.1950000000e+02  5.4752525129e+02
4.1960000000e+02  5.4766136838e+02
4.1970000000e+02  5.4780009278e+02
4.1980000000e+02  5.4794236344e+02
4.1990000000e+02  5.4807633092e+02
4.2000000000e+02  5.4821858203e+02
4.2010000000e+02  5.4835248730e+02
4.2020000000e+02  5.4848387106e+02
4.2030000000e+02  5.4860861824e+02
4.2040000000e+02  5.4874276882e+02
4.2050000000e+02  5.4886863054e+02
4.2060000000e+02  5.4900227834e+02
4.2070000000e+02  5.4913297771e+02
4.2080000000e+02  5.4925735546e+02
4.2090000000e+02  5.4938404590e+02
4.2100000000e+02  5.4951181985e+02
4.2110000000e+02  5.4964185996e+02
4.2120000000e+02  5.4976595573e+02
4.2130000000e+02  5.4989424413e+02
4.2140000000e+02  5.5001916350e+02
4.2150000000e+02  5.5014850159e+02
4.2160000000e+02  5.5027619153e+02
4.2170000000e+02  5.5040288192e+02
4.2180000000e+02  5.5053092756e+02
4.2190000000e+02  5.5065447099e+02
4.2200000000e+02  5.5078252976e+02
4.2210000000e+02  5.5090745806e+02
4.2220000000e+02  5.5103616879e+02
4.2230000000e+02  5.5116260125e+02
4.2240000000e+02  5.5129002799e+02
4.2250000000e+02  5.5141824478e+02
4.2260000000e+02  5.5155062681e+02
4.2270000000e+02  5.5167910443e+02
4.2280000000e+02  5.5180795591e+02
4.2290000000e+02  5.5194299207e+02
4.2300000000e+02  5.5206872688e+02
4.2310000000e+02  5.5220221535e+02
4.2320000000e+02  5.5233271414e+02
4.2330000000e+02  5.5246603432e+02
4.2340000000e+02  5.5259612633e+02
4.2350000000e+02  5.5272797188e+02
4.2360000000e+02  5.5286019170e+02
4.2370000000e+02  5.5298934520e+02
4.2380000000e+02  5.5312104674e+02
4.2390000000e+02  5.5324850003e+02
4.2400000000e+02  5.5338401279e+02
4.2410000000e+02  5.5351717127e+02
4.2420000000e+02  5.5364965097e+02
4.2430000000e+02  5.5378678215e+02
4.2440000000e+02  5.5391517676e+02
4.2450000000e+02  5.5404720717e+02
4.2460000000e+02  5.5417705270e+02
4.2470000000e+02  5.5430590599e+02
4.2480000000e+02  5.5443670527e+02
4.2490000000e+02  5.5456657057e+02
4.2500000000e+02  5.5469485450e+02
4.2510000000e+02  5.5482427863e+02
4.2520000000e+02  5.5495010322e+02
4.2530000000e+02  5.5507974419e+02
4.2540000000e+02  5.5520915210e+02
4.2550000000e+02  5.5534094638e+02
4.2560000000e+02  5.5547298020e+02
4.2570000000e+02  5.5560613537e+02
4.2580000000e+02  5.5573819057e+02
4.2590000000e+02  5.5587443109e+02
4.2600000000e+02  5.5600265678e+02
4.2610000000e+02  5.5614034839e+02
4.2620000000e+02  5.5627498281e+02
4.2630000000e+02  5.5641518151e+02
4.2640000000e+02  5.5654859827e+02
4.2650000000e+02  5.5668290518e+02
4.2660000000e+02  5.5682008244e+02
4.2670000000e+02  5.5695517403e+02
4.2680000000e+02  5.5709545555e+02
4.2690000000e+02  5.5722376002e+02
4.2700000000e+02  5.5735816671e+02
4.2710000000e+02  5.5749437998e+02
4.2720000000e+02  5.5762701740e+02
4.2730000000e+02  5.5775639233e+02
4.2740000000e+02  5.5789151682e+02
4.2750000000e+02  5.5802591044e+02
4.2760000000e+02  5.5816041340e+02
4.2770000000e+02  5.5829862849e+02
4.2780000000e+02  5.5843869742e+02
4.2790000000e+02  5.5858149866e+02
4.2800000000e+02  5.5871533402e+02
4.2810000000e+02  5.5884983361e+02
4.2820000000e+02  5.5898293319e+02
4.2830000000e+02  5.5911133773e+02
4.2840000000e+02  5.5923917895e+02
4.2850000000e+02  5.5937063672e+02
4.2860000000e+02  5.5950750058e+02
4.2870000000e+02  5.5963815426e+02
4.2880000000e+02  5.5977009660e+02
4.2890000000e+02  5.5989888731e+02
4.2900000000e+02  5.6003295242e+02
4.2910000000e+02  5.6016813653e+02
4.2920000000e+02  5.6030131895e+02
4.2930000000e+02  5.6043572006e+02
4.2940000000e+02  5.6057430694e+02
4.2950000000e+02  5.6071369270e+02
4.2960000000e+02  5.6084528010e+02
4.2970000000e+02  5.6098247203e+02
4.2980000000e+02  5.6111701176e+02
4.2990000000e+02  5.6125357581e+02
4.3000000000e+02  5.6138801018e+02
4.3010000000e+02  5.6152576122e+02
4.3020000000e+02  5.6165890277e+02
4.3030000000e+02  5.6179477944e+02
4.3040000000e+02  5.6193457287e+02
4.3050000000e+02  5.6207754214e+02
4.3060000000e+02  5.6221787520e+02
4.3070000000e+02  5.6235623077e+02
4.3080000000e+02  5.6249806271e+02
4.3090000000e+02  5.6263390582e+02
4.3100000000e+02  5.6277169120e+02
4.3110000000e+02  5.6291404894e+02
4.3120000000e+02  5.6305327327e+02
4.3130000000e+02  5.6319636333e+02
4.3140000000e+02  5.6334024688e+02
4.3150000000e+02  5.6347899282e+02
4.3160000000e+02  5.6361595223e+02
4.3170000000e+02  5.6375766019e+02
4.3180000000e+02  5.6389600045e+02
4.3190000000e+02  5.6403762721e+02
4.3200000000e+02  5.6417260293e+02
4.3210000000e+02  5.6430299579e+02
4.3220000000e+02  5.6443768045e+02
4.3230000000e+02  5.6457236311e+02
4.3240000000e+02  5.6470547064e+02
4.3250000000e+02  5.6484235616e+02
4.3260000000e+02  5.6497555417e+02
4.3270000000e+02  5.6511922384e+02
4.3280000000e+02  5.6525667883e+02
4.3290000000e+02  5.6538634718e+02
4.3300000000e+02  5.6552317030e+02
4.3310000000e+02  5.6566348080e+02
4.3320000000e+02  5.6580252645e+02
4.3330000000e+02  5.6594164380e+02
4.3340000000e+02  5.6607532672e+02
4.3350000000e+02  5.6621081736e+02
4.3360000000e+02  5.6634332178e+02
4.3370000000e+02  5.6648251732e+02
4.3380000000e+02  5.6662068698e+02
4.3390000000e+02  5.6675121901e+02
4.3400000000e+02  5.6688837805e+02
4.3410000000e+02  5.6702613930e+02
4.3420000000e+02  5.6716043271e+02
4.3430000000e+02  5.6730200310e+02
4.3440000000e+02  5.6743982829e+02
4.3450000000e+02  5.6757662929e+02
4.3460000000e+02  5.6770982404e+02
4.3470000000e+02  5.6784705808e+02
4.3480000000e+02  5.6798135612e+02
4.3490000000e+02  5.6812230174e+02
4.3500000000e+02  5.6826114007e+02
4.3510000000e+02  5.6840202819e+02
4.3520000000e+02  5.6853777430e+02
4.3530000000e+02  5.6867346603e+02
4.3540000000e+02  5.6880537743e+02
4.3550000000e+02  5.6894474292e+02
4.3560000000e+02  5.6908158185e+02
4.3570000000e+02  5.6921828454e+02
4.3580000000e+02  5.6935556870e+02
4.3590000000e+02  5.6949306094e+02
4.3600000000e+02  5.6963203333e+02
4.3610000000e+02  5.6977417093e+02
4.3620000000e+02  5.6991334633e+02
4.3630000000e+02  5.7005314664e+02
4.3640000000e+02  5.7019218039e+02
4.3650000000e+02  5.7032745174e+02
4.3660000000e+02  5.7046182335e+02
4.3670000000e+02  5.7059304287e+02
4.3680000000e+02  5.7072172710e+02
4.3690000000e+02  5.7084839442e+02
4.3700000000e+02  5.7097911096e+02
4.3710000000e+02  5.7110492778e+02
4.3720000000e+02  5.7123366239e+02
4.3730000000e+02  5.7135425090e+02
4.3740000000e+02  5.7147628559e+02
4.3750000000e+02  5.7160385170e+02
4.3760000000e+02  5.7172278417e+02
4.3770000000e+02  5.7184815154e+02
4.3780000000e+02  5.7196968824e+02
4.3790000000e+02  5.7209399541e+02
4.3800000000e+02  5.7222452740e+02
4.3810000000e+02  5.7235241344e+02
4.3820000000e+02  5.7247534700e+02
4.3830000000e+02  5.7259875547e+02
4.3840000000e+02  5.7272731509e+02
4.3850000000e+02  5.7285016680e+02
4.3860000000e+02  5.7297130776e+02
4.3870000000e+02  5.7309259531e+02
4.3880000000e+02  5.7322258779e+02
4.3890000000e+02  5.7334402787e+02
4.3900000000e+02  5.7345957703e+02
4.3910000000e+02  5.7358283415e+02
4.3920000000e+02  5.7369924301e+02
4.3930000000e+02  5.7382452555e+02
4.3940000000e+02  5.7394526438e+02
4.3950000000e+02  5.7406799424e+02
4.3960000000e+02  5.7419301079e+02
4.3970000000e+02  5.7431412948e+02
4.3980000000e+02  5.7443781107e+02
4.3990000000e+02  5.7455844516e+02
4.4000000000e+02  5.7467808557e+02
4.4010000000e+02  5.7480353389e+02
4.4020000000e+02  5.7493520383e+02
4.4030000000e+02  5.7505660531e+02
4.4040000000e+02  5.7518674281e+02
4.4050000000e+02  5.7530854756e+02
4.4060000000e+02  5.7543376063e+02
4.4070000000e+02  5.7555850207e+02
4.4080000000e+02  5.7567876479e+02
4.4090000000e+02  5.7580157170e+02
4.4100000000e+02  5.7591756518e+02
4.4110000000e+02  5.7603426057e+02
4.4120000000e+02  5.7614698305e+02
4.4130000000e+02  5.7626723530e+02
4.4140000000e+02  5.7638741906e+02
4.4150000000e+02  5.7650812935e+02
4.4160000000e+02  5.7662354028e+02
4.4170000000e+02  5.7673668512e+02
4.4180000000e+02  5.7685414824e+02
4.4190000000e+02  5.7697379646e+02
4.4200000000e+02  5.7709044007e+02
4.4210000000e+02  5.7720432707e+02
4.4220000000e+02  5.7731867429e+02
4.4230000000e+02  5.7743016791e+02
4.4240000000e+02  5.7754806787e+02
4.4250000000e+02  5.7766280474e+02
4.4260000000e+02  5.7777992468e+02
4.4270000000e+02  5.7789692605e+02
4.4280000000e+02  5.7801439370e+02
4.4290000000e+02  5.7813771432e+02
4.4300000000e+02  5.7826152520e+02
4.4310000000e+02  5.7838289773e+02
4.4320000000e+02  5.7849788593e+02
4.4330000000e+02  5.7862037843e+02
4.4340000000e+02  5.7873536248e+02
4.4350000000e+02  5.7885333509e+02
4.4360000000e+02  5.7897475687e+02
4.4370000000e+02  5.7909754526e+02
4.4380000000e+02  5.7921807445e+02
4.4390000000e+02  5.7933516596e+02
4.4400000000e+02  5.7945439068e+02
4.4410000000e+02  5.7957407986e+02
4.4420000000e+02  5.7968984500e+02
4.4430000000e+02  5.7980546084e+02
4.4440000000e+02  5.7992325587e+02
4.4450000000e+02  5.8003995621e+02
4.4460000000e+02  5.8015870591e+02
4.4470000000e+02  5.8027864218e+02
4.4480000000e+02  5.8039286939e+02
4.4490000000e+02  5.8050229335e+02
4.4500000000e+02  5.8061579328e+02
4.4510000000e+02  5.8072336202e+02
4.4520000000e+02  5.8083280085e+02
4.4530000000e+02  5.8094489259e+02
4.4540000000e+02  5.8105949343e+02
4.4550000000e+02  5.8117282459e+02
4.4560000000e+02  5.8128806520e+02
4.4570000000e+02  5.8140205163e+02
4.4580000000e+02  5.8152010853e+02
4.4590000000e+02  5.8163481260e+02
4.4600000000e+02  5.8175363325e+02
4.4610000000e+02  5.8186519353e+02
4.4620000000e+02  5.8197624641e+02
4.4630000000e+02  5.8208778601e+02
4.4640000000e+02  5.8219788151e+02
4.4650000000e+02  5.8231059962e+02
4.4660000000e+02  5.8242642721e+02
4.4670000000e+02  5.8254477566e+02
4.4680000000e+02  5.8265844405e+02
4.4690000000e+02  5.8277390608e+02
4.4700000000e+02  5.8287968272e+02
4.4710000000e+02  5.8298874724e+02
4.4720000000e+02  5.8310752448e+02
4.4730000000e+02  5.8321301784e+02
4.4740000000e+02  5.8332714063e+02
4.4750000000e+02  5.8343617380e+02
4.4760000000e+02  5.8354898369e+02
4.4770000000e+02  5.8365388286e+02
4.4780000000e+02  5.8376406959e+02
4.4790000000e+02  5.8387473213e+02
4.4800000000e+02  5.8398405946e+02
4.4810000000e+02  5.8409127304e+02
4.4820000000e+02  5.8420452463e+02
4.4830000000e+02  5.8432146192e+02
4.4840000000e+02  5.8444349889e+02
4.4850000000e+02  5.8456351825e+02
4.4860000000e+02  5.8468619157e+02
4.4870000000e+02  5.8480539783e+02
4.4880000000e+02  5.8492749304e+02
4.4890000000e+02  5.8504747385e+02
4.4900000000e+02  5.8517772836e+02
4.4910000000e+02  5.8529468562e+02
4.4920000000e+02  5.8541580602e+02
4.4930000000e+02  5.8553308210e+02
4.4940000000e+02  5.8565371660e+02
4.4950000000e+02  5.8577432976e+02
4.4960000000e+02  5.8589081427e+02
4.4970000000e+02  5.8601168635e+02
4.4980000000e+02  5.8613636952e+02
4.4990000000e+02  5.8625057537e+02
4.5000000000e+02  5.8637103045e+02
4.5010000000e+02  5.8649036833e+02
4.5020000000e+02  5.8660730713e+02
4.5030000000e+02  5.8672509373e+02
4.5040000000e+02  5.8684702601e+02
4.5050000000e+02  5.8696521910e+02
4.5060000000e+02  5.8708253372e+02
4.5070000000e+02  5.8720232579e+02
4.5080000000e+02  5.8731611795e+02
4.5090000000e+02  5.8743681257e+02
4.5100000000e+02  5.8756005579e+02
4.5110000000e+02  5.8768306536e+02
4.5120000000e+02  5.8780402933e+02
4.5130000000e+02  5.8792848488e+02
4.5140000000e+02  5.8804627474e+02
4.5150000000e+02  5.8817062650e+02
4.5160000000e+02  5.8828834334e+02
4.5170000000e+02  5.8840412851e+02
4.5180000000e+02  5.8852500277e+02
4.5190000000e+02  5.8864683312e+02
4.5200000000e+02  5.8876507144e+02
4.5210000000e+02  5.8888608365e+02
4.5220000000e+02  5.8900897514e+02
4.5230000000e+02  5.8912211521e+02
4.5240000000e+02  5.8923290830e+02
4.5250000000e+02  5.8934653923e+02
4.5260000000e+02  5.8945800419e+02
4.5270000000e+02  5.8957232780e+02
4.5280000000e+02  5.8969034135e+02
4.5290000000e+02  5.8979987284e+02
4.5300000000e+02  5.8990667148e+02
4.5310000000e+02  5.9001140211e+02
4.5320000000e+02  5.9011677748e+02
4.5330000000e+02  5.9022322606e+02
4.5340000000e+02  5.9033343102e+02
4.5350000000e+02  5.9043526856e+02
4.5360000000e+02  5.9053990057e+02
4.5370000000e+02  5.9064972862e+02
4.5380000000e+02  5.9075172353e+02
4.5390000000e+02  5.9085258273e+02
4.5400000000e+02  5.9095791663e+02
4.5410000000e+02  5.9106048934e+02
4.5420000000e+02  5.9116978476e+02
4.5430000000e+02  5.9127363312e+02
4.5440000000e+02  5.9138096153e+02
4.5450000000e+02  5.9148785419e+02
4.5460000000e+02  5.9159320656e+02
4.5470000000e+02  5.9169816011e+02
4.5480000000e+02  5.9179707025e+02
4.5490000000e+02  5.9190562186e+02
4.5500000000e+02  5.9201412018e+02
4.5510000000e+02  5.9211994482e+02
4.5520000000e+02  5.9222660319e+02
4.5530000000e+02  5.9232702701e+02
4.5540000000e+02  5.9243543502e+02
4.5550000000e+02  5.9254580154e+02
4.5560000000e+02  5.9265475068e+02
4.5570000000e+02  5.9276204685e+02
4.5580000000e+02  5.9287221581e+02
4.5590000000e+02  5.9298582795e+02
4.5600000000e+02  5.9309326984e+02
4.5610000000e+02  5.9319963755e+02
4.5620000000e+02  5.9330794312e+02
4.5630000000e+02  5.9341623350e+02
4.5640000000e+02  5.9352777911e+02
4.5650000000e+02  5.9363091145e+02
4.5660000000e+02  5.9374563425e+02
4.5670000000e+02  5.9384975416e+02
4.5680000000e+02  5.9396214351e+02
4.5690000000e+02  5.9406963668e+02
4.5700000000e+02  5.9417261359e+02
4.5710000000e+02  5.9428790767e+02
4.5720000000e+02  5.9439728775e+02
4.5730000000e+02  5.9450674224e+02
4.5740000000e+02  5.9461911635e+02
4.5750000000e+02  5.9472654511e+02
4.5760000000e+02  5.9484327474e+02
4.5770000000e+02  5.9495237111e+02
4.5780000000e+02  5.9506684236e+02
4.5790000000e+02  5.9517391706e+02
4.5800000000e+02  5.9528723574e+02
4.5810000000e+02  5.9540381556e+02
4.5820000000e+02  5.9551685962e+02
4.5830000000e+02  5.9562612783e+02
4.5840000000e+02  5.9572818362e+02
4.5850000000e+02  5.9584423112e+02
4.5860000000e+02  5.9594850184e+02
4.5870000000e+02  5.9606619224e+02
4.5880000000e+02  5.9618029175e+02
4.5890000000e+02  5.9629541791e+02
4.5900000000e+02  5.9640568903e+02
4.5910000000e+02  5.9651641839e+02
4.5920000000e+02  5.9662367539e+02
4.5930000000e+02  5.9672839150e+02
4.5940000000e+02  5.9683622390e+02
4.5950000000e+02  5.9694906992e+02
4.5960000000e+02  5.9706083910e+02
4.5970000000e+02  5.9716933580e+02
4.5980000000e+02  5.9727410535e+02
4.5990000000e+02  5.9739090307e+02
4.6000000000e+02  5.9750461327e+02
4.6010000000e+02  5.9762005943e+02
4.6020000000e+02  5.9774254113e+02
4.6030000000e+02  5.9786115638e+02
4.6040000000e+02  5.9798195608e+02
4.6050000000e+02  5.9810839034e+02
4.6060000000e+02  5.9822851154e+02
4.6070000000e+02  5.9834504847e+02
4.6080000000e+02  5.9846379689e+02
4.6090000000e+02  5.9858397280e+02
4.6100000000e+02  5.9870520703e+02
4.6110000000e+02  5.9882649487e+02
4.6120000000e+02  5.9895072664e+02
4.6130000000e+02  5.9907313083e+02
4.6140000000e+02  5.9919263202e+02
4.6150000000e+02  5.9930646430e+02
4.6160000000e+02  5.9942751050e+02
4.6170000000e+02  5.9955292258e+02
4.6180000000e+02  5.9967017672e+02
4.6190000000e+02  5.9979095023e+02
4.6200000000e+02  5.9991225839e+02
4.6210000000e+02  6.0003582053e+02
4.6220000000e+02  6.0016060320e+02
4.6230000000e+02  6.0028649303e+02
4.6240000000e+02  6.0041577989e+02
4.6250000000e+02  6.0053915667e+02
4.6260000000e+02  6.0066390627e+02
4.6270000000e+02  6.0078952956e+02
4.6280000000e+02  6.0091533052e+02
4.6290000000e+02  6.0105097169e+02
4.6300000000e+02  6.0117904282e+02
4.6310000000e+02  6.0131240526e+02
4.6320000000e+02  6.0144292140e+02
4.6330000000e+02  6.0157462725e+02
4.6340000000e+02  6.0169727650e+02
4.6350000000e+02  6.0181998865e+02
4.6360000000e+02  6.0194703389e+02
4.6370000000e+02  6.0207573522e+02
4.6380000000e+02  6.0219895635e+02
4.6390000000e+02  6.0232967473e+02
4.6400000000e+02  6.0246561876e+02
4.6410000000e+02  6.0259675586e+02
4.6420000000e+02  6.0272289205e+02
4.6430000000e+02  6.0284675458e+02
4.6440000000e+02  6.0297458604e+02
4.6450000000e+02  6.0310297132e+02
4.6460000000e+02  6.0323231342e+02
4.6470000000e+02  6.0336207261e+02
4.6480000000e+02  6.0349164003e+02
4.6490000000e+02  6.0361801661e+02
4.6500000000e+02  6.0374623479e+02
4.6510000000e+02  6.0388064771e+02
4.6520000000e+02  6.0400773572e+02
4.6530000000e+02  6.0413638640e+02
4.6540000000e+02  6.0426046820e+02
4.6550000000e+02  6.0438314585e+02
4.6560000000e+02  6.0450559691e+02
4.6570000000e+02  6.0463593962e+02
4.6580000000e+02  6.0476149693e+02
4.6590000000e+02  6.0489057220e+02
4.6600000000e+02  6.0501828426e+02
4.6610000000e+02  6.0514372229e+02
4.6620000000e+02  6.0527391659e+02
4.6630000000e+02  6.0540057759e+02
4.6640000000e+02  6.0552362744e+02
4.6650000000e+02  6.0565236675e+02
4.6660000000e+02  6.0578457943e+02
4.6670000000e+02  6.0590652195e+02
4.6680000000e+02  6.0603569789e+02
4.6690000000e+02  6.0616446103e+02
4.6700000000e+02  6.0629585652e+02
4.6710000000e+02  6.0642684627e+02
4.6720000000e+02  6.0655194311e+02
4.6730000000e+02  6.0667993118e+02
4.6740000000e+02  6.0680915842e+02
4.6750000000e+02  6.0694263053e+02
4.6760000000e+02  6.0707502198e+02
4.6770000000e+02  6.0720266238e+02
4.6780000000e+02  6.0732476777e+02
4.6790000000e+02  6.0744836134e+02
4.6800000000e+02  6.0757811944e+02
4.6810000000e+02  6.0771132953e+02
4.6820000000e+02  6.0783953343e+02
4.6830000000e+02  6.0797494658e+02
4.6840000000e+02  6.0810469291e+02
4.6850000000e+02  6.0823700461e+02
4.6860000000e+02  6.0836628762e+02
4.6870000000e+02  6.0850058837e+02
4.6880000000e+02  6.0863609859e+02
4.6890000000e+02  6.0877000420e+02
4.6900000000e+02  6.0890597293e+02
4.6910000000e+02  6.0904426324e+02
4.6920000000e+02  6.0917846025e+02
4.6930000000e+02  6.0931828612e+02
4.6940000000e+02  6.0946649762e+02
4.6950000000e+02  6.0960467580e+02
4.6960000000e+02  6.0974416193e+02
4.6970000000e+02  6.0988349941e+02
4.6980000000e+02  6.1002394645e+02
4.6990000000e+02  6.1016000273e+02
4.7000000000e+02  6.1029776913e+02
4.7010000000e+02  6.1043480455e+02
4.7020000000e+02  6.1056634773e+02
4.7030000000e+02  6.1069707623e+02
4.7040000000e+02  6.1083154545e+02
4.7050000000e+02  6.1097548798e+02
4.7060000000e+02  6.1110661839e+02
4.7070000000e+02  6.1124472366e+02
4.7080000000e+02  6.1137247955e+02
4.7090000000e+02  6.1150411829e+02
4.7100000000e+02  6.1164048155e+02
4.7110000000e+02  6.1177675989e+02
4.7120000000e+02  6.1192093223e+02
4.7130000000e+02  6.1206238675e+02
4.7140000000e+02  6.1220510439e+02
4.7150000000e+02  6.1234351693e+02
4.7160000000e+02  6.1248298617e+02
4.7170000000e+02  6.1262260426e+02
4.7180000000e+02  6.1276259993e+02
4.7190000000e+02  6.1290406297e+02
4.7200000000e+02  6.1304307741e+02
4.7210000000e+02  6.1318811995e+02
4.7220000000e+02  6.1332323646e+02
4.7230000000e+02  6.1346452000e+02
4.7240000000e+02  6.1360733166e+02
4.7250000000e+02  6.1373839204e+02
4.7260000000e+02  6.1388554511e+02
4.7270000000e+02  6.1403047552e+02
4.7280000000e+02  6.1417782310e+02
4.7290000000e+02  6.1431970687e+02
4.7300000000e+02  6.1446514166e+02
4.7310000000e+02  6.1461180254e+02
4.7320000000e+02  6.1475793423e+02
4.7330000000e+02  6.1490158777e+02
4.7340000000e+02  6.1504899095e+02
4.7350000000e+02  6.1519314784e+02
4.7360000000e+02  6.1534614779e+02
4.7370000000e+02  6.1549196256e+02
4.7380000000e+02  6.1563413355e+02
4.7390000000e+02  6.1577405829e+02
4.7400000000e+02  6.1591445226e+02
4.7410000000e+02  6.1605684317e+02
4.7420000000e+02  6.1619157016e+02
4.7430000000e+02  6.1633984371e+02
4.7440000000e+02  6.1648795313e+02
4.7450000000e+02  6.1663216162e+02
4.7460000000e+02  6.1677777964e+02
4.7470000000e+02  6.1692817248e+02
4.7480000000e+02  6.1707031757e+02
4.7490000000e+02  6.1721470964e+02
4.7500000000e+02  6.1735299955e+02
4.7510000000e+02  6.1749481934e+02
4.7520000000e+02  6.1763524119e+02
4.7530000000e+02  6.1777227743e+02
4.7540000000e+02  6.1791445816e+02
4.7550000000e+02  6.1805544108e+02
4.7560000000e+02  6.1819818613e+02
4.7570000000e+02  6.1835008931e+02
4.7580000000e+02  6.1849703988e+02
4.7590000000e+02  6.1865159939e+02
4.7600000000e+02  6.1880206306e+02
4.7610000000e+02  6.1894926943e+02
4.7620000000e+02  6.1909713101e+02
4.7630000000e+02  6.1925184987e+02
4.7640000000e+02  6.1939273588e+02
4.7650000000e+02  6.1954163183e+02
4.7660000000e+02  6.1969070013e+02
4.7670000000e+02  6.1983091794e+02
4.7680000000e+02  6.1998345884e+02
4.7690000000e+02  6.2013196394e+02
4.7700000000e+02  6.2028488533e+02
4.7710000000e+02  6.2043637073e+02
4.7720000000e+02  6.2058313881e+02
4.7730000000e+02  6.2072548425e+02
4.7740000000e+02  6.2087079267e+02
4.7750000000e+02  6.2101941983e+02
4.7760000000e+02  6.2116489116e+02
4.7770000000e+02  6.2131831824e+02
4.7780000000e+02  6.2146663163e+02
4.7790000000e+02  6.2161851501e+02
4.7800000000e+02  6.2176518607e+02
4.7810000000e+02  6.2190622055e+02
4.7820000000e+02  6.2205039237e+02
4.7830000000e+02  6.2219319549e+02
4.7840000000e+02  6.2233492026e+02
4.7850000000e+02  6.2247947028e+02
4.7860000000e+02  6.2261947061e+02
4.7870000000e+02  6.2276455893e+02
4.7880000000e+02  6.2291697977e+02
4.7890000000e+02  6.2305507352e+02
4.7900000000e+02  6.2319875228e+02
4.7910000000e+02  6.2334057892e+02
4.7920000000e+02  6.2348961322e+02
4.7930000000e+02  6.2363885121e+02
4.7940000000e+02  6.2378952647e+02
4.7950000000e+02  6.2393809613e+02
4.7960000000e+02  6.2408183182e+02
4.7970000000e+02  6.2422689684e+02
4.7980000000e+02  6.2436506169e+02
4.7990000000e+02  6.2451078047e+02
4.8000000000e+02  6.2465203199e+02
4.8010000000e+02  6.2479271631e+02
4.8020000000e+02  6.2493127173e+02
4.8030000000e+02  6.2507518005e+02
4.8040000000e+02  6.2521602401e+02
4.8050000000e+02  6.2536426268e+02
4.8060000000e+02  6.2550788413e+02
4.8070000000e+02  6.2565173141e+02
4.8080000000e+02  6.2579573022e+02
4.8090000000e+02  6.2594784497e+02
4.8100000000e+02  6.2609780116e+02
4.8110000000e+02  6.2625305590e+02
4.8120000000e+02  6.2640413266e+02
4.8130000000e+02  6.2655101396e+02
4.8140000000e+02  6.2669375650e+02
4.8150000000e+02  6.2684263412e+02
4.8160000000e+02  6.2699245862e+02
4.8170000000e+02  6.2713846048e+02
4.8180000000e+02  6.2728263619e+02
4.8190000000e+02  6.2743007415e+02
4.8200000000e+02  6.2757864357e+02
4.8210000000e+02  6.2772351142e+02
4.8220000000e+02  6.2786815591e+02
4.8230000000e+02  6.2801528475e+02
4.8240000000e+02  6.2815755327e+02
4.8250000000e+02  6.2829895338e+02
4.8260000000e+02  6.2844097808e+02
4.8270000000e+02  6.2858148366e+02
4.8280000000e+02  6.2872357771e+02
4.8290000000e+02  6.2886423771e+02
4.8300000000e+02  6.2900089907e+02
4.8310000000e+02  6.2914149544e+02
4.8320000000e+02  6.2927932138e+02
4.8330000000e+02  6.2941747536e+02
4.8340000000e+02  6.2956114918e+02
4.8350000000e+02  6.2970688023e+02
4.8360000000e+02  6.2984867600e+02
4.8370000000e+02  6.2999478298e+02
4.8380000000e+02  6.3013650991e+02
4.8390000000e+02  6.3027386054e+02
4.8400000000e+02  6.3041741948e+02
4.8410000000e+02  6.3056087877e+02
4.8420000000e+02  6.3070236802e+02
4.8430000000e+02  6.3084552655e+02
4.8440000000e+02  6.3099109161e+02
4.8450000000e+02  6.3113223571e+02
4.8460000000e+02  6.3127273958e+02
4.8470000000e+02  6.3141130443e+02
4.8480000000e+02  6.3155243515e+02
4.8490000000e+02  6.3169215701e+02
4.8500000000e+02  6.3182206273e+02
4.8510000000e+02  6.3195801294e+02
4.8520000000e+02  6.3209536452e+02
4.8530000000e+02  6.3223607653e+02
4.8540000000e+02  6.3237405478e+02
4.8550000000e+02  6.3251536257e+02
4.8560000000e+02  6.3265339183e+02
4.8570000000e+02  6.3279682189e+02
4.8580000000e+02  6.3292685206e+02
4.8590000000e+02  6.3305945395e+02
4.8600000000e+02  6.3319536324e+02
4.8610000000e+02  6.3333588579e+02
4.8620000000e+02  6.3347395100e+02
4.8630000000e+02  6.3361936382e+02
4.8640000000e+02  6.3376281168e+02
4.8650000000e+02  6.3390434443e+02
4.8660000000e+02  6.3405294028e+02
4.8670000000e+02  6.3420295000e+02
4.8680000000e+02  6.3434568387e+02
4.8690000000e+02  6.3447962021e+02
4.8700000000e+02  6.3461697956e+02
4.8710000000e+02  6.3475613063e+02
4.8720000000e+02  6.3490487876e+02
4.8730000000e+02  6.3504106141e+02
4.8740000000e+02  6.3517736275e+02
4.8750000000e+02  6.3530988611e+02
4.8760000000e+02  6.3544208768e+02
4.8770000000e+02  6.3557035278e+02
4.8780000000e+02  6.3570454854e+02
4.8790000000e+02  6.3583880064e+02
4.8800000000e+02  6.3597032554e+02
4.8810000000e+02  6.3610444532e+02
4.8820000000e+02  6.3623744130e+02
4.8830000000e+02  6.3637059499e+02
4.8840000000e+02  6.3650565193e+02
4.8850000000e+02  6.3663873020e+02
4.8860000000e+02  6.3678003251e+02
4.8870000000e+02  6.3691140629e+02
4.8880000000e+02  6.3704473421e+02
4.8890000000e+02  6.3717838226e+02
4.8900000000e+02  6.3730828218e+02
4.8910000000e+02  6.3744221327e+02
4.8920000000e+02  6.3757752374e+02
4.8930000000e+02  6.3771018849e+02
4.8940000000e+02  6.3784445846e+02
4.8950000000e+02  6.3797810523e+02
4.8960000000e+02  6.3810868180e+02
4.8970000000e+02  6.3822803954e+02
4.8980000000e+02  6.3835094148e+02
4.8990000000e+02  6.3847096671e+02
4.9000000000e+02  6.3859061039e+02
4.9010000000e+02  6.3870931320e+02
4.9020000000e+02  6.3882397795e+02
4.9030000000e+02  6.3894942438e+02
4.9040000000e+02  6.3907285723e+02
4.9050000000e+02  6.3919142505e+02
4.9060000000e+02  6.3931610438e+02
4.9070000000e+02  6.3943788949e+02
4.9080000000e+02  6.3956346243e+02
4.9090000000e+02  6.3968135442e+02
4.9100000000e+02  6.3980677393e+02
4.9110000000e+02  6.3993009646e+02
4.9120000000e+02  6.4004438521e+02
4.9130000000e+02  6.4016598862e+02
4.9140000000e+02  6.4028145383e+02
4.9150000000e+02  6.4040415141e+02
4.9160000000e+02  6.4052132871e+02
4.9170000000e+02  6.4063745275e+02
4.9180000000e+02  6.4075050049e+02
4.9190000000e+02  6.4086679225e+02
4.9200000000e+02  6.4098162698e+02
4.9210000000e+02  6.4110291904e+02
4.9220000000e+02  6.4121480018e+02
4.9230000000e+02  6.4132894297e+02
4.9240000000e+02  6.4144708086e+02
4.9250000000e+02  6.4155002349e+02
4.9260000000e+02  6.4166615670e+02
4.9270000000e+02  6.4179079459e+02
4.9280000000e+02  6.4190527621e+02
4.9290000000e+02  6.4201340089e+02
4.9300000000e+02  6.4212555227e+02
4.9310000000e+02  6.4223430949e+02
4.9320000000e+02  6.4234878479e+02
4.9330000000e+02  6.4244862843e+02
4.9340000000e+02  6.4255523009e+02
4.9350000000e+02  6.4265858374e+02
4.9360000000e+02  6.4276391911e+02
4.9370000000e+02  6.4286974143e+02
4.9380000000e+02  6.4298050759e+02
4.9390000000e+02  6.4309365380e+02
4.9400000000e+02  6.4319895401e+02
4.9410000000e+02  6.4330522235e+02
4.9420000000e+02  6.4341705395e+02
4.9430000000e+02  6.4352179962e+02
4.9440000000e+02  6.4362253238e+02
4.9450000000e+02  6.4372161168e+02
4.9460000000e+02  6.4382934408e+02
4.9470000000e+02  6.4394111439e+02
4.9480000000e+02  6.4405488511e+02
4.9490000000e+02  6.4416055701e+02
4.9500000000e+02  6.4426733014e+02
4.9510000000e+02  6.4436982192e+02
4.9520000000e+02  6.4447252901e+02
4.9530000000e+02  6.4457067089e+02
4.9540000000e+02  6.4467972731e+02
4.9550000000e+02  6.4478991742e+02
4.9560000000e+02  6.4489957281e+02
4.9570000000e+02  6.4501183148e+02
4.9580000000e+02  6.4512106237e+02
4.9590000000e+02  6.4522821137e+02
4.9600000000e+02  6.4533784312e+02
4.9610000000e+02  6.4544519503e+02
4.9620000000e+02  6.4556190170e+02
4.9630000000e+02  6.4566610390e+02
4.9640000000e+02  6.4577294035e+02
4.9650000000e+02  6.4587026808e+02
4.9660000000e+02  6.4597884352e+02
4.9670000000e+02  6.4607896366e+02
4.9680000000e+02  6.4618094272e+02
4.9690000000e+02  6.4628290419e+02
4.9700000000e+02  6.4638125317e+02
4.9710000000e+02  6.4648477111e+02
4.9720000000e+02  6.4659618783e+02
4.9730000000e+02  6.4669412186e+02
4.9740000000e+02  6.4679147575e+02
4.9750000000e+02  6.4689765004e+02
4.9760000000e+02  6.4699983966e+02
4.9770000000e+02  6.4710343143e+02
4.9780000000e+02  6.4720503388e+02
4.9790000000e+02  6.4729472166e+02
4.9800000000e+02  6.4739235841e+02
4.9810000000e+02  6.4749105267e+02
4.9820000000e+02  6.4758610613e+02
4.9830000000e+02  6.4768268770e+02
4.9840000000e+02  6.4777982565e+02
4.9850000000e+02  6.4787596320e+02
4.9860000000e+02  6.4798280892e+02
4.9870000000e+02  6.4808868862e+02
4.9880000000e+02  6.4819052843e+02
4.9890000000e+02  6.4828952972e+02
4.9900000000e+02  6.4839221588e+02
4.9910000000e+02  6.4850206048e+02
4.9920000000e+02  6.4861046111e+02
4.9930000000e+02  6.4871735015e+02
4.9940000000e+02  6.4881993035e+02
4.9950000000e+02  6.4892487971e+02
4.9960000000e+02  6.4903124559e+02
4.9970000000e+02  6.4913177808e+02
4.9980000000e+02  6.4923172892e+02
4.9990000000e+02  6.4933000251e+02
5.0000000000e+02  6.4943176552e+02
5.0010000000e+02  6.4953806203e+02
5.0020000000e+02  6.4963659027e+02
5.0030000000e+02  6.4974824108e+02
5.0040000000e+02  6.4985748306e+02
5.0050000000e+02  6.4996289425e+02
5.0060000000e+02  6.5006790603e+02
5.0070000000e+02  6.5017979751e+02
5.0080000000e+02  6.5028757973e+02
5.0090000000e+02  6.5039588764e+02
5.0100000000e+02  6.5049841925e+02
5.0110000000e+02  6.5060132170e+02
5.0120000000e+02  6.5070704883e+02
5.0130000000e+02  6.5080200392e+02
5.0140000000e+02  6.5089988751e+02
5.0150000000e+02  6.5099239320e+02
5.0160000000e+02  6.5108815523e+02
5.0170000000e+02  6.5118262330e+02
5.0180000000e+02  6.5127378085e+02
5.0190000000e+02  6.5136859738e+02
5.0200000000e+02  6.5146486903e+02
5.0210000000e+02  6.5155429131e+02
5.0220000000e+02  6.5163363898e+02
5.0230000000e+02  6.5172710440e+02
5.0240000000e+02  6.5182206849e+02
5.0250000000e+02  6.5191688793e+02
5.0260000000e+02  6.5201052603e+02
5.0270000000e+02  6.5210216880e+02
5.0280000000e+02  6.5220011627e+02
5.0290000000e+02  6.5228765778e+02
5.0300000000e+02  6.5237899919e+02
5.0310000000e+02  6.5247613417e+02
5.0320000000e+02  6.5256401346e+02
5.0330000000e+02  6.5265352050e+02
5.0340000000e+02  6.5274556436e+02
5.0350000000e+02  6.5283720070e+02
5.0360000000e+02  6.5293586659e+02
5.0370000000e+02  6.5303934761e+02
5.0380000000e+02  6.5312903877e+02
5.0390000000e+02  6.5322068815e+02
5.0400000000e+02  6.5331560212e+02
5.0410000000e+02  6.5341523660e+02
5.0420000000e+02  6.5350762800e+02
5.0430000000e+02  6.5360232268e+02
5.0440000000e+02  6.5368682810e+02
5.0450000000e+02  6.5377078533e+02
5.0460000000e+02  6.5385956122e+02
5.0470000000e+02  6.5394286712e+02
5.0480000000e+02  6.5403593349e+02
5.0490000000e+02  6.5411693187e+02
5.0500000000e+02  6.5420272805e+02
5.0510000000e+02  6.5428955467e+02
5.0520000000e+02  6.5438561970e+02
5.0530000000e+02  6.5447183364e+02
5.0540000000e+02  6.5456014022e+02
5.0550000000e+02  6.5465026708e+02
5.0560000000e+02  6.5473401451e+02
5.0570000000e+02  6.5483859612e+02
5.0580000000e+02  6.5492822563e+02
5.0590000000e+02  6.5502187095e+02
5.0600000000e+02  6.5511235795e+02
5.0610000000e+02  6.5520144227e+02
5.0620000000e+02  6.5528827878e+02
5.0630000000e+02  6.5537192262e+02
5.0640000000e+02  6.5545576542e+02
5.0650000000e+02  6.5554511477e+02
5.0660000000e+02  6.5562722591e+02
5.0670000000e+02  6.5571759952e+02
5.0680000000e+02  6.5580762986e+02
5.0690000000e+02  6.5590051144e+02
5.0700000000e+02  6.5599315302e+02
5.0710000000e+02  6.5608432809e+02
5.0720000000e+02  6.5616943133e+02
5.0730000000e+02  6.5626303084e+02
5.0740000000e+02  6.5636586379e+02
5.0750000000e+02  6.5645517798e+02
5.0760000000e+02  6.5653289301e+02
5.0770000000e+02  6.5662196319e+02
5.0780000000e+02  6.5671548391e+02
5.0790000000e+02  6.5681051203e+02
5.0800000000e+02  6.5691171060e+02
5.0810000000e+02  6.5700788599e+02
5.0820000000e+02  6.5709720093e+02
5.0830000000e+02  6.5717596914e+02
5.0840000000e+02  6.5725578993e+02
5.0850000000e+02  6.5733198236e+02
5.0860000000e+02  6.5741864877e+02
5.0870000000e+02  6.5749885627e+02
5.0880000000e+02  6.5757953674e+02
5.0890000000e+02  6.5765790047e+02
5.0900000000e+02  6.5774198229e+02
5.0910000000e+02  6.5782729735e+02
5.0920000000e+02  6.5790721554e+02
5.0930000000e+02  6.5799319183e+02
5.0940000000e+02  6.5807960277e+02
5.0950000000e+02  6.5817159001e+02
5.0960000000e+02  6.5825867778e+02
5.0970000000e+02  6.5834720795e+02
5.0980000000e+02  6.5843758637e+02
5.0990000000e+02  6.5853401940e+02
5.1000000000e+02  6.5862268204e+02
5.1010000000e+02  6.5871330717e+02
5.1020000000e+02  6.5880506093e+02
5.1030000000e+02  6.5888806278e+02
5.1040000000e+02  6.5897215679e+02
5.1050000000e+02  6.5906494151e+02
5.1060000000e+02  6.5915762504e+02
5.1070000000e+02  6.5925778096e+02
5.1080000000e+02  6.5935035144e+02
5.1090000000e+02  6.5945221943e+02
5.1100000000e+02  6.5955453671e+02
5.1110000000e+02  6.5964497465e+02
5.1120000000e+02  6.5974349579e+02
5.1130000000e+02  6.5983872407e+02
5.1140000000e+02  6.5993785700e+02
5.1150000000e+02  6.6004065725e+02
5.1160000000e+02  6.6014793587e+02
5.1170000000e+02  6.6025292129e+02
5.1180000000e+02  6.6035763412e+02
5.1190000000e+02  6.6046049352e+02
5.1200000000e+02  6.6057485306e+02
5.1210000000e+02  6.6068662467e+02
5.1220000000e+02  6.6079656935e+02
5.1230000000e+02  6.6091002073e+02
5.1240000000e+02  6.6102236812e+02
5.1250000000e+02  6.6112833816e+02
5.1260000000e+02  6.6123238919e+02
5.1270000000e+02  6.6133129095e+02
5.1280000000e+02  6.6143917780e+02
5.1290000000e+02  6.6153582189e+02
5.1300000000e+02  6.6164343398e+02
5.1310000000e+02  6.6174887010e+02
5.1320000000e+02  6.6186060389e+02
5.1330000000e+02  6.6196591991e+02
5.1340000000e+02  6.6206897427e+02
5.1350000000e+02  6.6218254686e+02
5.1360000000e+02  6.6229041772e+02
5.1370000000e+02  6.6240867132e+02
5.1380000000e+02  6.6252278622e+02
5.1390000000e+02  6.6262987469e+02
5.1400000000e+02  6.6273849368e+02
5.1410000000e+02  6.6284914954e+02
5.1420000000e+02  6.6296111442e+02
5.1430000000e+02  6.6306277806e+02
5.1440000000e+02  6.6315919070e+02
5.1450000000e+02  6.6325781901e+02
5.1460000000e+02  6.6336406707e+02
5.1470000000e+02  6.6347152687e+02
5.1480000000e+02  6.6357617679e+02
5.1490000000e+02  6.6367951461e+02
5.1500000000e+02  6.6379411118e+02
5.1510000000e+02  6.6389632824e+02
5.1520000000e+02  6.6400621455e+02
5.1530000000e+02  6.6411036904e+02
5.1540000000e+02  6.6421946788e+02
5.1550000000e+02  6.6432967089e+02
5.1560000000e+02  6.6444275773e+02
5.1570000000e+02  6.6455461354e+02
5.1580000000e+02  6.6467114757e+02
5.1590000000e+02  6.6479229097e+02
5.1600000000e+02  6.6490720587e+02
5.1610000000e+02  6.6502608810e+02
5.1620000000e+02  6.6513891514e+02
5.1630000000e+02  6.6525585678e+02
5.1640000000e+02  6.6536560463e+02
5.1650000000e+02  6.6548187900e+02
5.1660000000e+02  6.6559308316e+02
5.1670000000e+02  6.6571034446e+02
5.1680000000e+02  6.6581394785e+02
5.1690000000e+02  6.6592367676e+02
5.1700000000e+02  6.6602887232e+02
5.1710000000e+02  6.6614454935e+02
5.1720000000e+02  6.6624825725e+02
5.1730000000e+02  6.6635766130e+02
5.1740000000e+02  6.6646915775e+02
5.1750000000e+02  6.6657156346e+02
5.1760000000e+02  6.6666999817e+02
5.1770000000e+02  6.6677092862e+02
5.1780000000e+02  6.6687163949e+02
5.1790000000e+02  6.6696886160e+02
5.1800000000e+02  6.6707144126e+02
5.1810000000e+02  6.6717654146e+02
5.1820000000e+02  6.6727716835e+02
5.1830000000e+02  6.6737998987e+02
5.1840000000e+02  6.6748049195e+02
5.1850000000e+02  6.6759866207e+02
5.1860000000e+02  6.6770166367e+02
5.1870000000e+02  6.6780649478e+02
5.1880000000e+02  6.6790859783e+02
5.1890000000e+02  6.6801648691e+02
5.1900000000e+02  6.6811359094e+02
5.1910000000e+02  6.6821022017e+02
5.1920000000e+02  6.6830390743e+02
5.1930000000e+02  6.6841440335e+02
5.1940000000e+02  6.6851896427e+02
5.1950000000e+02  6.6861811070e+02
5.1960000000e+02  6.6871801300e+02
5.1970000000e+02  6.6882846312e+02
5.1980000000e+02  6.6893407463e+02
5.1990000000e+02  6.6903367149e+02
5.2000000000e+02  6.6913786143e+02
5.2010000000e+02  6.6923963182e+02
5.2020000000e+02  6.6933965817e+02
5.2030000000e+02  6.6944388440e+02
5.2040000000e+02  6.6954643063e+02
5.2050000000e+02  6.6964554045e+02
5.2060000000e+02  6.6973372486e+02
5.2070000000e+02  6.6983602371e+02
5.2080000000e+02  6.6993741868e+02
5.2090000000e+02  6.7001945335e+02
5.2100000000e+02  6.7011571949e+02
5.2110000000e+02  6.7021998700e+02
5.2120000000e+02  6.7031454191e+02
5.2130000000e+02  6.7040954510e+02
5.2140000000e+02  6.7050604564e+02
5.2150000000e+02  6.7059923769e+02
5.2160000000e+02  6.7069699944e+02
5.2170000000e+02  6.7080198949e+02
5.2180000000e+02  6.7090048715e+02
5.2190000000e+02  6.7099838095e+02
5.2200000000e+02  6.7110466579e+02
5.2210000000e+02  6.7120947100e+02
5.2220000000e+02  6.7130838883e+02
5.2230000000e+02  6.7140839182e+02
5.2240000000e+02  6.7151283877e+02
5.2250000000e+02  6.7162434823e+02
5.2260000000e+02  6.7172075128e+02
5.2270000000e+02  6.7182866913e+02
5.2280000000e+02  6.7193288426e+02
5.2290000000e+02  6.7202937553e+02
5.2300000000e+02  6.7211761559e+02
5.2310000000e+02  6.7221755739e+02
5.2320000000e+02  6.7230660335e+02
5.2330000000e+02  6.7239256996e+02
5.2340000000e+02  6.7248744268e+02
5.2350000000e+02  6.7257671132e+02
5.2360000000e+02  6.7267409379e+02
5.2370000000e+02  6.7276756811e+02
5.2380000000e+02  6.7285634675e+02
5.2390000000e+02  6.7294749255e+02
5.2400000000e+02  6.7304606502e+02
5.2410000000e+02  6.7314677658e+02
5.2420000000e+02  6.7324251067e+02
5.2430000000e+02  6.7334306790e+02
5.2440000000e+02  6.7343281939e+02
5.2450000000e+02  6.7353356994e+02
5.2460000000e+02  6.7363386056e+02
5.2470000000e+02  6.7375034218e+02
5.2480000000e+02  6.7386417257e+02
5.2490000000e+02  6.7396600072e+02
5.2500000000e+02  6.7407180301e+02
5.2510000000e+02  6.7419320179e+02
5.2520000000e+02  6.7430594243e+02
5.2530000000e+02  6.7442399847e+02
5.2540000000e+02  6.7454545331e+02
5.2550000000e+02  6.7466214147e+02
5.2560000000e+02  6.7477053210e+02
5.2570000000e+02  6.7489021669e+02
5.2580000000e+02  6.7499847042e+02
5.2590000000e+02  6.7510531789e+02
5.2600000000e+02  6.7521636981e+02
5.2610000000e+02  6.7531955434e+02
5.2620000000e+02  6.7542224395e+02
5.2630000000e+02  6.7552844321e+02
5.2640000000e+02  6.7563448958e+02
5.2650000000e+02  6.7572903832e+02
5.2660000000e+02  6.7584329837e+02
5.2670000000e+02  6.7595390895e+02
5.2680000000e+02  6.7607107063e+02
5.2690000000e+02  6.7618348709e+02
5.2700000000e+02  6.7629362490e+02
5.2710000000e+02  6.7639611510e+02
5.2720000000e+02  6.7649385016e+02
5.2730000000e+02  6.7658171562e+02
5.2740000000e+02  6.7667623843e+02
5.2750000000e+02  6.7678050361e+02
5.2760000000e+02  6.7688471320e+02
5.2770000000e+02  6.7699144593e+02
5.2780000000e+02  6.7709996855e+02
5.2790000000e+02  6.7720717298e+02
5.2800000000e+02  6.7730113157e+02
5.2810000000e+02  6.7740747145e+02
5.2820000000e+02  6.7752137405e+02
5.2830000000e+02  6.7762493132e+02
5.2840000000e+02  6.7772999547e+02
5.2850000000e+02  6.7784100200e+02
5.2860000000e+02  6.7793937381e+02
5.2870000000e+02  6.7805038526e+02
5.2880000000e+02  6.7816129174e+02
5.2890000000e+02  6.7827362616e+02
5.2900000000e+02  6.7838444502e+02
5.2910000000e+02  6.7850142814e+02
5.2920000000e+02  6.7861732613e+02
5.2930000000e+02  6.7872869199e+02
5.2940000000e+02  6.7885677509e+02
5.2950000000e+02  6.7897728469e+02
5.2960000000e+02  6.7909251739e+02
5.2970000000e+02  6.7921267505e+02
5.2980000000e+02  6.7931937965e+02
5.2990000000e+02  6.7943917083e+02
5.3000000000e+02  6.7954283443e+02
5.3010000000e+02  6.7965208631e+02
5.3020000000e+02  6.7976383032e+02
5.3030000000e+02  6.7987486523e+02
5.3040000000e+02  6.7998388254e+02
5.3050000000e+02  6.8008221018e+02
5.3060000000e+02  6.8019236790e+02
5.3070000000e+02  6.8032143419e+02
5.3080000000e+02  6.8043571967e+02
5.3090000000e+02  6.8054583426e+02
5.3100000000e+02  6.8066732518e+02
5.3110000000e+02  6.8078065229e+02
5.3120000000e+02  6.8089438885e+02
5.3130000000e+02  6.8099980600e+02
5.3140000000e+02  6.8111755845e+02
5.3150000000e+02  6.8123169477e+02
5.3160000000e+02  6.8134962682e+02
5.3170000000e+02  6.8146831836e+02
5.3180000000e+02  6.8157646243e+02
5.3190000000e+02  6.8167988571e+02
5.3200000000e+02  6.8179837928e+02
5.3210000000e+02  6.8192413860e+02
5.3220000000e+02  6.8203921590e+02
5.3230000000e+02  6.8215438551e+02
5.3240000000e+02  6.8226716727e+02
5.3250000000e+02  6.8238144428e+02
5.3260000000e+02  6.8250111895e+02
5.3270000000e+02  6.8260677603e+02
5.3280000000e+02  6.8270910260e+02
5.3290000000e+02  6.8282320969e+02
5.3300000000e+02  6.8293216598e+02
5.3310000000e+02  6.8304393761e+02
5.3320000000e+02  6.8315622670e+02
5.3330000000e+02  6.8326757496e+02
5.3340000000e+02  6.8337204863e+02
5.3350000000e+02  6.8346915599e+02
5.3360000000e+02  6.8359441736e+02
5.3370000000e+02  6.8368664072e+02
5.3380000000e+02  6.8379440809e+02
5.3390000000e+02  6.8389821663e+02
5.3400000000e+02  6.8400045257e+02
5.3410000000e+02  6.8409242379e+02
5.3420000000e+02  6.8418450700e+02
5.3430000000e+02  6.8428894173e+02
5.3440000000e+02  6.8438349966e+02
5.3450000000e+02  6.8449088515e+02
5.3460000000e+02  6.8458405437e+02
5.3470000000e+02  6.8468492139e+02
5.3480000000e+02  6.8479883074e+02
5.3490000000e+02  6.8491825701e+02
5.3500000000e+02  6.8503797349e+02
5.3510000000e+02  6.8513834123e+02
5.3520000000e+02  6.8523947820e+02
5.3530000000e+02  6.8534455565e+02
5.3540000000e+02  6.8544676334e+02
5.3550000000e+02  6.8554620474e+02
5.3560000000e+02  6.8565801866e+02
5.3570000000e+02  6.8576198684e+02
5.3580000000e+02  6.8586484652e+02
5.3590000000e+02  6.8597875982e+02
5.3600000000e+02  6.8607789254e+02
5.3610000000e+02  6.8618936789e+02
5.3620000000e+02  6.8630808011e+02
5.3630000000e+02  6.8642378486e+02
5.3640000000e+02  6.8653343911e+02
5.3650000000e+02  6.8664103231e+02
5.3660000000e+02  6.8676290987e+02
5.3670000000e+02  6.8688460838e+02
5.3680000000e+02  6.8699572818e+02
5.3690000000e+02  6.8710441012e+02
5.3700000000e+02  6.8719443755e+02
5.3710000000e+02  6.8729603446e+02
5.3720000000e+02  6.8738792726e+02
5.3730000000e+02  6.8749158293e+02
5.3740000000e+02  6.8759338695e+02
5.3750000000e+02  6.8771337954e+02
5.3760000000e+02  6.8783895012e+02
5.3770000000e+02  6.8795277591e+02
5.3780000000e+02  6.8807085185e+02
5.3790000000e+02  6.8818497486e+02
5.3800000000e+02  6.8830978236e+02
5.3810000000e+02  6.8841940881e+02
5.3820000000e+02  6.8854498743e+02
5.3830000000e+02  6.8864981734e+02
5.3840000000e+02  6.8877162901e+02
5.3850000000e+02  6.8889514757e+02
5.3860000000e+02  6.8902105365e+02
5.3870000000e+02  6.8914752764e+02
5.3880000000e+02  6.8927960977e+02
5.3890000000e+02  6.8939295008e+02
5.3900000000e+02  6.8950922451e+02
5.3910000000e+02  6.8964155144e+02
5.3920000000e+02  6.8975047105e+02
5.3930000000e+02  6.8986473828e+02
5.3940000000e+02  6.8997537518e+02
5.3950000000e+02  6.9009861547e+02
5.3960000000e+02  6.9022646108e+02
5.3970000000e+02  6.9035866752e+02
5.3980000000e+02  6.9048987594e+02
5.3990000000e+02  6.9062137817e+02
5.4000000000e+02  6.9075545172e+02
5.4010000000e+02  6.9090061523e+02
5.4020000000e+02  6.9103910710e+02
5.4030000000e+02  6.9116419004e+02
5.4040000000e+02  6.9129914005e+02
5.4050000000e+02  6.9142326026e+02
5.4060000000e+02  6.9155034646e+02
5.4070000000e+02  6.9168128503e+02
5.4080000000e+02  6.9180095495e+02
5.4090000000e+02  6.9193735381e+02
5.4100000000e+02  6.9205292955e+02
5.4110000000e+02  6.9217992604e+02
5.4120000000e+02  6.9230978436e+02
5.4130000000e+02  6.9242048702e+02
5.4140000000e+02  6.9253176793e+02
5.4150000000e+02  6.9264135491e+02
5.4160000000e+02  6.9275855285e+02
5.4170000000e+02  6.9289240163e+02
5.4180000000e+02  6.9301931380e+02
5.4190000000e+02  6.9314739971e+02
5.4200000000e+02  6.9328776883e+02
5.4210000000e+02  6.9342454160e+02
5.4220000000e+02  6.9356741422e+02
5.4230000000e+02  6.9371513516e+02
5.4240000000e+02  6.9385549108e+02
5.4250000000e+02  6.9400173578e+02
5.4260000000e+02  6.9414717664e+02
5.4270000000e+02  6.9429081466e+02
5.4280000000e+02  6.9443261553e+02
5.4290000000e+02  6.9457016425e+02
5.4300000000e+02  6.9471542086e+02
5.4310000000e+02  6.9486785124e+02
5.4320000000e+02  6.9502046398e+02
5.4330000000e+02  6.9516172293e+02
5.4340000000e+02  6.9529546643e+02
5.4350000000e+02  6.9543923995e+02
5.4360000000e+02  6.9557879705e+02
5.4370000000e+02  6.9571962629e+02
5.4380000000e+02  6.9586127592e+02
5.4390000000e+02  6.9599891019e+02
5.4400000000e+02  6.9615102241e+02
5.4410000000e+02  6.9630187491e+02
5.4420000000e+02  6.9645092486e+02
5.4430000000e+02  6.9660408127e+02
5.4440000000e+02  6.9674876505e+02
5.4450000000e+02  6.9689038680e+02
5.4460000000e+02  6.9703459580e+02
5.4470000000e+02  6.9717868933e+02
5.4480000000e+02  6.9732514309e+02
5.4490000000e+02  6.9746843984e+02
5.4500000000e+02  6.9761364153e+02
5.4510000000e+02  6.9775614951e+02
5.4520000000e+02  6.9788138160e+02
5.4530000000e+02  6.9800120726e+02
5.4540000000e+02  6.9812298881e+02
5.4550000000e+02  6.9824134571e+02
5.4560000000e+02  6.9838227418e+02
5.4570000000e+02  6.9853306595e+02
5.4580000000e+02  6.9867600388e+02
5.4590000000e+02  6.9881566578e+02
5.4600000000e+02  6.9894615142e+02
5.4610000000e+02  6.9908887078e+02
5.4620000000e+02  6.9921550267e+02
5.4630000000e+02  6.9933902397e+02
5.4640000000e+02  6.9947108802e+02
5.4650000000e+02  6.9960438131e+02
5.4660000000e+02  6.9976062818e+02
5.4670000000e+02  6.9991030345e+02
5.4680000000e+02  7.0004481978e+02
5.4690000000e+02  7.0018782880e+02
5.4700000000e+02  7.0032663206e+02
5.4710000000e+02  7.0047799044e+02
5.4720000000e+02  7.0062955137e+02
5.4730000000e+02  7.0077280593e+02
5.4740000000e+02  7.0092002009e+02
5.4750000000e+02  7.0106077831e+02
5.4760000000e+02  7.0121342067e+02
5.4770000000e+02  7.0134464755e+02
5.4780000000e+02  7.0147755982e+02
5.4790000000e+02  7.0160506387e+02
5.4800000000e+02  7.0174423779e+02
5.4810000000e+02  7.0188451687e+02
5.4820000000e+02  7.0203835183e+02
5.4830000000e+02  7.0218836527e+02
5.4840000000e+02  7.0233127424e+02
5.4850000000e+02  7.0248587000e+02
5.4860000000e+02  7.0264889759e+02
5.4870000000e+02  7.0279644558e+02
5.4880000000e+02  7.0295918675e+02
5.4890000000e+02  7.0311936257e+02
5.4900000000e+02  7.0326328948e+02
5.4910000000e+02  7.0341129228e+02
5.4920000000e+02  7.0355654476e+02
5.4930000000e+02  7.0371031104e+02
5.4940000000e+02  7.0384644015e+02
5.4950000000e+02  7.0399080071e+02
5.4960000000e+02  7.0413120467e+02
5.4970000000e+02  7.0428672971e+02
5.4980000000e+02  7.0442746176e+02
5.4990000000e+02  7.0455808900e+02
5.5000000000e+02  7.0470112668e+02
5.5010000000e+02  7.0483420295e+02
5.5020000000e+02  7.0497148741e+02
5.5030000000e+02  7.0509919421e+02
5.5040000000e+02  7.0524058071e+02
5.5050000000e+02  7.0538329035e+02
5.5060000000e+02  7.0553272450e+02
5.5070000000e+02  7.0566525406e+02
5.5080000000e+02  7.0580829343e+02
5.5090000000e+02  7.0596568752e+02
5.5100000000e+02  7.0611904969e+02
5.5110000000e+02  7.0629268272e+02
5.5120000000e+02  7.0646054587e+02
5.5130000000e+02  7.0662998899e+02
5.5140000000e+02  7.0679394767e+02
5.5150000000e+02  7.0696147990e+02
5.5160000000e+02  7.0713039519e+02
5.5170000000e+02  7.0729289792e+02
5.5180000000e+02  7.0746463022e+02
5.5190000000e+02  7.0761305884e+02
5.5200000000e+02  7.0776482816e+02
5.5210000000e+02  7.0791857519e+02
5.5220000000e+02  7.0806473780e+02
5.5230000000e+02  7.0822968222e+02
5.5240000000e+02  7.0838973022e+02
5.5250000000e+02  7.0855730637e+02
5.5260000000e+02  7.0872497474e+02
5.5270000000e+02  7.0889810370e+02
5.5280000000e+02  7.0907010091e+02
5.5290000000e+02  7.0925250232e+02
5.5300000000e+02  7.0942269624e+02
5.5310000000e+02  7.0959248574e+02
5.5320000000e+02  7.0976241294e+02
5.5330000000e+02  7.0993713704e+02
5.5340000000e+02  7.1010128281e+02
5.5350000000e+02  7.1026515028e+02
5.5360000000e+02  7.1043434436e+02
5.5370000000e+02  7.1058227439e+02
5.5380000000e+02  7.1074353218e+02
5.5390000000e+02  7.1090273045e+02
5.5400000000e+02  7.1107303183e+02
5.5410000000e+02  7.1123328386e+02
5.5420000000e+02  7.1140911703e+02
5.5430000000e+02  7.1159458199e+02
5.5440000000e+02  7.1177729983e+02
5.5450000000e+02  7.1196856291e+02
5.5460000000e+02  7.1215325679e+02
5.5470000000e+02  7.1234299829e+02
5.5480000000e+02  7.1252914579e+02
5.5490000000e+02  7.1271305399e+02
5.5500000000e+02  7.1290421368e+02
5.5510000000e+02  7.1308883933e+02
5.5520000000e+02  7.1327047453e+02
5.5530000000e+02  7.1345415320e+02
5.5540000000e+02  7.1363389911e+02
5.5550000000e+02  7.1380259407e+02
5.5560000000e+02  7.1397769548e+02
5.5570000000e+02  7.1414999471e+02
5.5580000000e+02  7.1430547564e+02
5.5590000000e+02  7.1446551472e+02
5.5600000000e+02  7.1462959157e+02
5.5610000000e+02  7.1480104036e+02
5.5620000000e+02  7.1497695746e+02
5.5630000000e+02  7.1517056127e+02
5.5640000000e+02  7.1536721695e+02
5.5650000000e+02  7.1554603450e+02
5.5660000000e+02  7.1573212768e+02
5.5670000000e+02  7.1592554633e+02
5.5680000000e+02  7.1611980706e+02
5.5690000000e+02  7.1630654485e+02
5.5700000000e+02  7.1650430186e+02
5.5710000000e+02  7.1667737051e+02
5.5720000000e+02  7.1687811696e+02
5.5730000000e+02  7.1707843032e+02
5.5740000000e+02  7.1728083006e+02
5.5750000000e+02  7.1744726794e+02
5.5760000000e+02  7.1762767293e+02
5.5770000000e+02  7.1780217637e+02
5.5780000000e+02  7.1796415103e+02
5.5790000000e+02  7.1813520480e+02
5.5800000000e+02  7.1830973021e+02
5.5810000000e+02  7.1848137872e+02
5.5820000000e+02  7.1865309222e+02
5.5830000000e+02  7.1882321410e+02
5.5840000000e+02  7.1899935523e+02
5.5850000000e+02  7.1918948319e+02
5.5860000000e+02  7.1936797098e+02
5.5870000000e+02  7.1953258370e+02
5.5880000000e+02  7.1972807138e+02
5.5890000000e+02  7.1989003074e+02
5.5900000000e+02  7.2006742511e+02
5.5910000000e+02  7.2024706754e+02
5.5920000000e+02  7.2040093295e+02
5.5930000000e+02  7.2058436054e+02
5.5940000000e+02  7.2075448279e+02
5.5950000000e+02  7.2091879734e+02
5.5960000000e+02  7.2108337837e+02
5.5970000000e+02  7.2126000183e+02
5.5980000000e+02  7.2142781182e+02
5.5990000000e+02  7.2161094206e+02
5.6000000000e+02  7.2177809440e+02
5.6010000000e+02  7.2196949765e+02
5.6020000000e+02  7.2213662396e+02
5.6030000000e+02  7.2230227712e+02
5.6040000000e+02  7.2246998482e+02
5.6050000000e+02  7.2266098279e+02
5.6060000000e+02  7.2284481153e+02
5.6070000000e+02  7.2304368386e+02
5.6080000000e+02  7.2322238269e+02
5.6090000000e+02  7.2339243617e+02
5.6100000000e+02  7.2357330022e+02
5.6110000000e+02  7.2373655238e+02
5.6120000000e+02  7.2392239298e+02
5.6130000000e+02  7.2409479263e+02
5.6140000000e+02  7.2426588172e+02
5.6150000000e+02  7.2442768174e+02
5.6160000000e+02  7.2460750407e+02
5.6170000000e+02  7.2478102700e+02
5.6180000000e+02  7.2495060544e+02
5.6190000000e+02  7.2512731905e+02
5.6200000000e+02  7.2529551611e+02
5.6210000000e+02  7.2546529379e+02
5.6220000000e+02  7.2563805825e+02
5.6230000000e+02  7.2581208601e+02
5.6240000000e+02  7.2597478595e+02
5.6250000000e+02  7.2614370011e+02
5.6260000000e+02  7.2632005823e+02
5.6270000000e+02  7.2649445839e+02
5.6280000000e+02  7.2667838646e+02
5.6290000000e+02  7.2685635555e+02
5.6300000000e+02  7.2703259176e+02
5.6310000000e+02  7.2720240952e+02
5.6320000000e+02  7.2737748447e+02
5.6330000000e+02  7.2755657242e+02
5.6340000000e+02  7.2773932002e+02
5.6350000000e+02  7.2790719582e+02
5.6360000000e+02  7.2808919317e+02
5.6370000000e+02  7.2828088788e+02
5.6380000000e+02  7.2844790351e+02
5.6390000000e+02  7.2862670802e+02
5.6400000000e+02  7.2880085206e+02
5.6410000000e+02  7.2895874779e+02
5.6420000000e+02  7.2912134113e+02
5.6430000000e+02  7.2928796213e+02
5.6440000000e+02  7.2946380588e+02
5.6450000000e+02  7.2962096371e+02
5.6460000000e+02  7.2976696245e+02
5.6470000000e+02  7.2991792812e+02
5.6480000000e+02  7.3007287597e+02
5.6490000000e+02  7.3023151934e+02
5.6500000000e+02  7.3037242917e+02
5.6510000000e+02  7.3053033163e+02
5.6520000000e+02  7.3069468418e+02
5.6530000000e+02  7.3086914335e+02
5.6540000000e+02  7.3103615562e+02
5.6550000000e+02  7.3119804803e+02
5.6560000000e+02  7.3137555155e+02
5.6570000000e+02  7.3154840909e+02
5.6580000000e+02  7.3171749186e+02
5.6590000000e+02  7.3191699685e+02
5.6600000000e+02  7.3210585773e+02
5.6610000000e+02  7.3228670826e+02
5.6620000000e+02  7.3247629415e+02
5.6630000000e+02  7.3266634549e+02
5.6640000000e+02  7.3284695988e+02
5.6650000000e+02  7.3303490036e+02
5.6660000000e+02  7.3324449804e+02
5.6670000000e+02  7.3343613409e+02
5.6680000000e+02  7.3363045764e+02
5.6690000000e+02  7.3383428404e+02
5.6700000000e+02  7.3404787247e+02
5.6710000000e+02  7.3423922744e+02
5.6720000000e+02  7.3443857628e+02
5.6730000000e+02  7.3463341025e+02
5.6740000000e+02  7.3482485687e+02
5.6750000000e+02  7.3503519811e+02
5.6760000000e+02  7.3523287143e+02
5.6770000000e+02  7.3545633251e+02
5.6780000000e+02  7.3566825480e+02
5.6790000000e+02  7.3587176712e+02
5.6800000000e+02  7.3607541270e+02
5.6810000000e+02  7.3628878755e+02
5.6820000000e+02  7.3648666183e+02
5.6830000000e+02  7.3664400955e+02
5.6840000000e+02  7.3683260101e+02
5.6850000000e+02  7.3698804953e+02
5.6860000000e+02  7.3716847745e+02
5.6870000000e+02  7.3733343042e+02
5.6880000000e+02  7.3749177337e+02
5.6890000000e+02  7.3767367284e+02
5.6900000000e+02  7.3782238624e+02
5.6910000000e+02  7.3797562443e+02
5.6920000000e+02  7.3813236136e+02
5.6930000000e+02  7.3830433381e+02
5.6940000000e+02  7.3847793259e+02
5.6950000000e+02  7.3864746960e+02
5.6960000000e+02  7.3880684753e+02
5.6970000000e+02  7.3896649740e+02
5.6980000000e+02  7.3911025531e+02
5.6990000000e+02  7.3926035946e+02
5.7000000000e+02  7.3939498285e+02
5.7010000000e+02  7.3952925538e+02
5.7020000000e+02  7.3967261252e+02
5.7030000000e+02  7.3982870053e+02
5.7040000000e+02  7.3996001974e+02
5.7050000000e+02  7.4010025881e+02
5.7060000000e+02  7.4021655091e+02
5.7070000000e+02  7.4030972132e+02
5.7080000000e+02  7.4046540934e+02
5.7090000000e+02  7.4060929046e+02
5.7100000000e+02  7.4074528934e+02
5.7110000000e+02  7.4089976018e+02
5.7120000000e+02  7.4104022925e+02
5.7130000000e+02  7.4114265997e+02
5.7140000000e+02  7.4126600572e+02
5.7150000000e+02  7.4140006794e+02
5.7160000000e+02  7.4153693851e+02
5.7170000000e+02  7.4166441332e+02
5.7180000000e+02  7.4180023146e+02
5.7190000000e+02  7.4195431034e+02
5.7200000000e+02  7.4210836874e+02
5.7210000000e+02  7.4225607755e+02
5.7220000000e+02  7.4241888333e+02
5.7230000000e+02  7.4255049874e+02
5.7240000000e+02  7.4267909643e+02
5.7250000000e+02  7.4281753834e+02
5.7260000000e+02  7.4293852648e+02
5.7270000000e+02  7.4307323199e+02
5.7280000000e+02  7.4319097736e+02
5.7290000000e+02  7.4330999438e+02
5.7300000000e+02  7.4346094714e+02
5.7310000000e+02  7.4358760267e+02
5.7320000000e+02  7.4373133277e+02
5.7330000000e+02  7.4388714615e+02
5.7340000000e+02  7.4405407317e+02
5.7350000000e+02  7.4418735204e+02
5.7360000000e+02  7.4431012321e+02
5.7370000000e+02  7.4442693625e+02
5.7380000000e+02  7.4454450171e+02
5.7390000000e+02  7.4464234182e+02
5.7400000000e+02  7.4475969004e+02
5.7410000000e+02  7.4490894615e+02
5.7420000000e+02  7.4503629910e+02
5.7430000000e+02  7.4517033745e+02
5.7440000000e+02  7.4525997305e+02
5.7450000000e+02  7.4538248972e+02
5.7460000000e+02  7.4546335679e+02
5.7470000000e+02  7.4558035942e+02
5.7480000000e+02  7.4567334264e+02
5.7490000000e+02  7.4578075407e+02
5.7500000000e+02  7.4590939654e+02
5.7510000000e+02  7.4603150109e+02
5.7520000000e+02  7.4615719453e+02
5.7530000000e+02  7.4625623345e+02
5.7540000000e+02  7.4635958439e+02
5.7550000000e+02  7.4646787247e+02
5.7560000000e+02  7.4654468848e+02
5.7570000000e+02  7.4663248444e+02
5.7580000000e+02  7.4672171399e+02
5.7590000000e+02  7.4678576760e+02
5.7600000000e+02  7.4686555830e+02
5.7610000000e+02  7.4694153237e+02
5.7620000000e+02  7.4702323055e+02
5.7630000000e+02  7.4713148702e+02
5.7640000000e+02  7.4722288808e+02
5.7650000000e+02  7.4733172887e+02
5.7660000000e+02  7.4744340478e+02
5.7670000000e+02  7.4755200821e+02
5.7680000000e+02  7.4763856635e+02
5.7690000000e+02  7.4775370032e+02
5.7700000000e+02  7.4784601980e+02
5.7710000000e+02  7.4793231869e+02
5.7720000000e+02  7.4806375245e+02
5.7730000000e+02  7.4816957916e+02
5.7740000000e+02  7.4828864620e+02
5.7750000000e+02  7.4839861499e+02
5.7760000000e+02  7.4850037987e+02
5.7770000000e+02  7.4860737178e+02
5.7780000000e+02  7.4868856030e+02
5.7790000000e+02  7.4876368152e+02
5.7800000000e+02  7.4886731932e+02
5.7810000000e+02  7.4897920754e+02
5.7820000000e+02  7.4908493772e+02
5.7830000000e+02  7.4920593979e+02
5.7840000000e+02  7.4931804927e+02
5.7850000000e+02  7.4943454398e+02
5.7860000000e+02  7.4954631133e+02
5.7870000000e+02  7.4963910138e+02
5.7880000000e+02  7.4977376985e+02
5.7890000000e+02  7.4988376341e+02
5.7900000000e+02  7.4999329775e+02
5.7910000000e+02  7.5012658356e+02
5.7920000000e+02  7.5024794309e+02
5.7930000000e+02  7.5034656150e+02
5.7940000000e+02  7.5045012347e+02
5.7950000000e+02  7.5055853810e+02
5.7960000000e+02  7.5067010232e+02
5.7970000000e+02  7.5076586293e+02
5.7980000000e+02  7.5090577499e+02
5.7990000000e+02  7.5104472332e+02
5.8000000000e+02  7.5115291329e+02
5.8010000000e+02  7.5125968784e+02
5.8020000000e+02  7.5135373970e+02
5.8030000000e+02  7.5147996986e+02
5.8040000000e+02  7.5159603109e+02
5.8050000000e+02  7.5170570682e+02
5.8060000000e+02  7.5184047632e+02
5.8070000000e+02  7.5194546799e+02
5.8080000000e+02  7.5208299467e+02
5.8090000000e+02  7.5219603768e+02
5.8100000000e+02  7.5234783105e+02
5.8110000000e+02  7.5245937939e+02
5.8120000000e+02  7.5254825176e+02
5.8130000000e+02  7.5264767902e+02
5.8140000000e+02  7.5275650662e+02
5.8150000000e+02  7.5285334387e+02
5.8160000000e+02  7.5300031198e+02
5.8170000000e+02  7.5313980380e+02
5.8180000000e+02  7.5331784157e+02
5.8190000000e+02  7.5344936545e+02
5.8200000000e+02  7.5356305827e+02
5.8210000000e+02  7.5371789666e+02
5.8220000000e+02  7.5389721459e+02
5.8230000000e+02  7.5401949829e+02
5.8240000000e+02  7.5413942649e+02
5.8250000000e+02  7.5430340490e+02
5.8260000000e+02  7.5443695900e+02
5.8270000000e+02  7.5457769525e+02
5.8280000000e+02  7.5472861812e+02
5.8290000000e+02  7.5488513844e+02
5.8300000000e+02  7.5502317769e+02
5.8310000000e+02  7.5514720018e+02
5.8320000000e+02  7.5532050291e+02
5.8330000000e+02  7.5548276327e+02
5.8340000000e+02  7.5562138051e+02
5.8350000000e+02  7.5578488873e+02
5.8360000000e+02  7.5591518954e+02
5.8370000000e+02  7.5607040707e+02
5.8380000000e+02  7.5622153943e+02
5.8390000000e+02  7.5637686700e+02
5.8400000000e+02  7.5655959671e+02
5.8410000000e+02  7.5670600210e+02
5.8420000000e+02  7.5682433742e+02
5.8430000000e+02  7.5696201532e+02
5.8440000000e+02  7.5709525203e+02
5.8450000000e+02  7.5728572048e+02
5.8460000000e+02  7.5746881006e+02
5.8470000000e+02  7.5764666949e+02
5.8480000000e+02  7.5783843755e+02
5.8490000000e+02  7.5802307871e+02
5.8500000000e+02  7.5819214601e+02
5.8510000000e+02  7.5833376210e+02
5.8520000000e+02  7.5847613656e+02
5.8530000000e+02  7.5863750140e+02
5.8540000000e+02  7.5880597940e+02
5.8550000000e+02  7.5895766931e+02
5.8560000000e+02  7.5913955649e+02
5.8570000000e+02  7.5930181151e+02
5.8580000000e+02  7.5939297476e+02
5.8590000000e+02  7.5955374665e+02
5.8600000000e+02  7.5969508682e+02
5.8610000000e+02  7.5987636096e+02
5.8620000000e+02  7.6002447014e+02
5.8630000000e+02  7.6015788227e+02
5.8640000000e+02  7.6028522606e+02
5.8650000000e+02  7.6043918339e+02
5.8660000000e+02  7.6060329313e+02
5.8670000000e+02  7.6081035513e+02
5.8680000000e+02  7.6100971786e+02
5.8690000000e+02  7.6121275275e+02
5.8700000000e+02  7.6135690512e+02
5.8710000000e+02  7.6151158828e+02
5.8720000000e+02  7.6166244286e+02
5.8730000000e+02  7.6179342860e+02
5.8740000000e+02  7.6190321847e+02
5.8750000000e+02  7.6201640499e+02
5.8760000000e+02  7.6215126067e+02
5.8770000000e+02  7.6232279172e+02
5.8780000000e+02  7.6247883423e+02
5.8790000000e+02  7.6260359810e+02
5.8800000000e+02  7.6270246751e+02
5.8810000000e+02  7.6279057529e+02
5.8820000000e+02  7.6287519243e+02
5.8830000000e+02  7.6299176420e+02
5.8840000000e+02  7.6306322415e+02
5.8850000000e+02  7.6313509109e+02
5.8860000000e+02  7.6324152640e+02
5.8870000000e+02  7.6325132604e+02
5.8880000000e+02  7.6327939409e+02
5.8890000000e+02  7.6330568625e+02
5.8900000000e+02  7.6333745994e+02
5.8910000000e+02  7.6332202376e+02
5.8920000000e+02  7.6331192589e+02
5.8930000000e+02  7.6333532202e+02
5.8940000000e+02  7.6333244161e+02
5.8950000000e+02  7.6336670698e+02
5.8960000000e+02  7.6340842412e+02
5.8970000000e+02  7.6345559590e+02
5.8980000000e+02  7.6350989851e+02
5.8990000000e+02  7.6360101522e+02
5.9000000000e+02  7.6369944368e+02
5.9010000000e+02  7.6379019715e+02
5.9020000000e+02  7.6384042258e+02
5.9030000000e+02  7.6390831847e+02
5.9040000000e+02  7.6391538021e+02
5.9050000000e+02  7.6388426038e+02
5.9060000000e+02  7.6389175971e+02
5.9070000000e+02  7.6396833028e+02
5.9080000000e+02  7.6396641465e+02
5.9090000000e+02  7.6402960387e+02
5.9100000000e+02  7.6399073971e+02
5.9110000000e+02  7.6403464402e+02
5.9120000000e+02  7.6406549512e+02
5.9130000000e+02  7.6410165935e+02
5.9140000000e+02  7.6414555304e+02
5.9150000000e+02  7.6422919348e+02
5.9160000000e+02  7.6424624570e+02
5.9170000000e+02  7.6431940964e+02
5.9180000000e+02  7.6428219639e+02
5.9190000000e+02  7.6434568984e+02
5.9200000000e+02  7.6439801572e+02
5.9210000000e+02  7.6447849164e+02
5.9220000000e+02  7.6462383441e+02
5.9230000000e+02  7.6474463337e+02
5.9240000000e+02  7.6495345698e+02
5.9250000000e+02  7.6516785608e+02
5.9260000000e+02  7.6535534036e+02
5.9270000000e+02  7.6549582645e+02
5.9280000000e+02  7.6555571057e+02
5.9290000000e+02  7.6566873042e+02
5.9300000000e+02  7.6574847079e+02
5.9310000000e+02  7.6585667923e+02
5.9320000000e+02  7.6590602626e+02
5.9330000000e+02  7.6607811339e+02
5.9340000000e+02  7.6624121950e+02
5.9350000000e+02  7.6635311667e+02
5.9360000000e+02  7.6648966284e+02
5.9370000000e+02  7.6669674320e+02
5.9380000000e+02  7.6682257743e+02
5.9390000000e+02  7.6702698415e+02
5.9400000000e+02  7.6718048765e+02
5.9410000000e+02  7.6731941811e+02
5.9420000000e+02  7.6756794308e+02
5.9430000000e+02  7.6771261979e+02
5.9440000000e+02  7.6789997605e+02
5.9450000000e+02  7.6811541815e+02
5.9460000000e+02  7.6825228173e+02
5.9470000000e+02  7.6826369150e+02
5.9480000000e+02  7.6819182783e+02
5.9490000000e+02  7.6816400373e+02
5.9500000000e+02  7.6820328428e+02
5.9510000000e+02  7.6826272189e+02
5.9520000000e+02  7.6834487003e+02
5.9530000000e+02  7.6848913113e+02
5.9540000000e+02  7.6857706291e+02
5.9550000000e+02  7.6879061230e+02
5.9560000000e+02  7.6893669995e+02
5.9570000000e+02  7.6901414942e+02
5.9580000000e+02  7.6911080469e+02
5.9590000000e+02  7.6916580613e+02
5.9600000000e+02  7.6922971783e+02
5.9610000000e+02  7.6923083838e+02
5.9620000000e+02  7.6915258392e+02
5.9630000000e+02  7.6909762771e+02
5.9640000000e+02  7.6897881322e+02
5.9650000000e+02  7.6910129945e+02
5.9660000000e+02  7.6918824154e+02
5.9670000000e+02  7.6922230402e+02
5.9680000000e+02  7.6918951240e+02
5.9690000000e+02  7.6924660216e+02
5.9700000000e+02  7.6929934372e+02
5.9710000000e+02  7.6921725774e+02
5.9720000000e+02  7.6918913824e+02
5.9730000000e+02  7.6929584027e+02
5.9740000000e+02  7.6920145308e+02
5.9750000000e+02  7.6933809807e+02
5.9760000000e+02  7.6958795636e+02
5.9770000000e+02  7.7012751565e+02
5.9780000000e+02  7.7044102722e+02
5.9790000000e+02  7.7106496644e+02
5.9800000000e+02  7.7170669564e+02
5.9810000000e+02  7.7218283739e+02
5.9820000000e+02  7.7302421465e+02
5.9830000000e+02  7.7396262653e+02
5.9840000000e+02  7.7497693612e+02
5.9850000000e+02  7.7601938247e+02
5.9860000000e+02  7.7695798211e+02
5.9870000000e+02  7.7814327640e+02
5.9880000000e+02  7.7879450110e+02
5.9890000000e+02  7.7989446904e+02
5.9900000000e+02  7.8101331757e+02
5.9910000000e+02  7.8168028400e+02
5.9920000000e+02  7.8276147291e+02
5.9930000000e+02  7.8302291983e+02
5.9940000000e+02  7.8413796363e+02
5.9950000000e+02  7.8450761967e+02
5.9960000000e+02  7.8553096091e+02
5.9970000000e+02  7.8478019389e+02
5.9980000000e+02  7.8378132778e+02
5.9990000000e+02  7.8267739666e+02
6.0000000000e+02  7.8573397652e+02
